Country_name,Gdp,Population,Year and Popuation
Japan,237.54%,"126,476,461","[('2020', '126,476,461'), ('2019', '126,860,301'), ('2018', '127,202,192'), ('2017', '127,502,725'), ('2016', '127,763,265'), ('2015', '127,985,133'), ('2010', '128,542,353'), ('2005', '128,326,116'), ('2000', '127,524,174'), ('1995', '126,365,484'), ('1990', '124,505,240'), ('1985', '121,883,482'), ('1980', '117,816,940'), ('1975', '112,413,359'), ('1970', '104,929,251'), ('1965', '98,447,002'), ('1960', '93,673,615'), ('1955', '89,018,257'), ('1950', '82,802,084')]"
Eritrea,127.34%,"3,546,421","[('2020', '3,546,421'), ('2019', '3,497,117'), ('2018', '3,452,786'), ('2017', '3,412,893'), ('2016', '3,376,557'), ('2015', '3,342,818'), ('2010', '3,170,435'), ('2005', '2,826,659'), ('2000', '2,292,416'), ('1995', '2,204,222'), ('1990', '2,258,653'), ('1985', '2,003,937'), ('1980', '1,733,416'), ('1975', '1,505,439'), ('1970', '1,310,945'), ('1965', '1,148,189'), ('1960', '1,007,590'), ('1955', '899,752'), ('1950', '822,350')]"
Italy,133.43%,"60,461,826","[('2020', '60,461,826'), ('2019', '60,550,075'), ('2018', '60,627,291'), ('2017', '60,673,701'), ('2016', '60,663,060'), ('2015', '60,578,494'), ('2010', '59,325,229'), ('2005', '58,281,212'), ('2000', '56,692,178'), ('1995', '57,174,408'), ('1990', '57,048,236'), ('1985', '56,936,774'), ('1980', '56,349,349'), ('1975', '55,265,284'), ('1970', '53,518,969'), ('1965', '51,677,257'), ('1960', '49,699,951'), ('1955', '48,335,578'), ('1950', '46,598,601')]"
Bhutan,103.85%,"771,608","[('2020', '771,608'), ('2019', '763,092'), ('2018', '754,388'), ('2017', '745,563'), ('2016', '736,708'), ('2015', '727,876'), ('2010', '685,503'), ('2005', '648,739'), ('2000', '591,021'), ('1995', '534,620'), ('1990', '530,804'), ('1985', '464,266'), ('1980', '406,875'), ('1975', '348,396'), ('1970', '297,316'), ('1965', '253,994'), ('1960', '223,288'), ('1955', '197,457'), ('1950', '176,797')]"
United States,106.70%,"331,002,651","[('2020', '331,002,651'), ('2019', '329,064,917'), ('2018', '327,096,265'), ('2017', '325,084,756'), ('2016', '323,015,995'), ('2015', '320,878,310'), ('2010', '309,011,475'), ('2005', '294,993,511'), ('2000', '281,710,909'), ('1995', '265,163,745'), ('1990', '252,120,309'), ('1985', '240,499,825'), ('1980', '229,476,354'), ('1975', '219,081,251'), ('1970', '209,513,341'), ('1965', '199,733,676'), ('1960', '186,720,571'), ('1955', '171,685,336'), ('1950', '158,804,395')]"
Lebanon,157.81%,"6,825,445","[('2020', '6,825,445'), ('2019', '6,855,713'), ('2018', '6,859,408'), ('2017', '6,819,373'), ('2016', '6,714,281'), ('2015', '6,532,678'), ('2010', '4,953,061'), ('2005', '4,698,763'), ('2000', '3,842,778'), ('1995', '3,528,380'), ('1990', '2,803,044'), ('1985', '2,651,995'), ('1980', '2,588,929'), ('1975', '2,575,749'), ('1970', '2,297,434'), ('1965', '2,092,375'), ('1960', '1,804,941'), ('1955', '1,532,115'), ('1950', '1,334,621')]"
Singapore,109.37%,"5,850,342","[('2020', '5,850,342'), ('2019', '5,804,337'), ('2018', '5,757,499'), ('2017', '5,708,041'), ('2016', '5,653,634'), ('2015', '5,592,152'), ('2010', '5,131,172'), ('2005', '4,265,687'), ('2000', '4,028,871'), ('1995', '3,525,969'), ('1990', '3,012,966'), ('1985', '2,705,534'), ('1980', '2,411,688'), ('1975', '2,259,721'), ('1970', '2,072,283'), ('1965', '1,877,826'), ('1960', '1,633,130'), ('1955', '1,305,105'), ('1950', '1,022,096')]"
Mozambique,124.46%,"31,255,435","[('2020', '31,255,435'), ('2019', '30,366,036'), ('2018', '29,496,004'), ('2017', '28,649,018'), ('2016', '27,829,938'), ('2015', '27,042,002'), ('2010', '23,531,574'), ('2005', '20,493,925'), ('2000', '17,711,927'), ('1995', '15,483,286'), ('1990', '12,987,292'), ('1985', '12,764,387'), ('1980', '11,630,194'), ('1975', '10,165,215'), ('1970', '9,022,741'), ('1965', '8,039,215'), ('1960', '7,184,869'), ('1955', '6,508,398'), ('1950', '5,958,970')]"
Portugal,119.46%,"10,196,709","[('2020', '10,196,709'), ('2019', '10,226,187'), ('2018', '10,256,193'), ('2017', '10,288,527'), ('2016', '10,325,538'), ('2015', '10,368,351'), ('2010', '10,596,058'), ('2005', '10,508,495'), ('2000', '10,297,112'), ('1995', '10,091,325'), ('1990', '9,895,364'), ('1985', '9,929,184'), ('1980', '9,750,964'), ('1975', '9,172,241'), ('1970', '8,651,340'), ('1965', '8,862,280'), ('1960', '8,844,645'), ('1955', '8,625,532'), ('1950', '8,416,967')]"
Cape Verde,125.29%,"555,987","[('2020', '555,987'), ('2019', '549,935'), ('2018', '543,767'), ('2017', '537,498'), ('2016', '531,146'), ('2015', '524,743'), ('2010', '492,654'), ('2005', '463,032'), ('2000', '428,188'), ('1995', '386,284'), ('1990', '337,950'), ('1985', '311,678'), ('1980', '283,847'), ('1975', '270,247'), ('1970', '268,627'), ('1965', '230,418'), ('1960', '201,765'), ('1955', '197,195'), ('1950', '178,065')]"
Greece,174.15%,"10,423,054","[('2020', '10,423,054'), ('2019', '10,473,455'), ('2018', '10,522,246'), ('2017', '10,569,450'), ('2016', '10,615,185'), ('2015', '10,659,750'), ('2010', '10,887,637'), ('2005', '11,224,791'), ('2000', '11,082,104'), ('1995', '10,745,503'), ('1990', '10,225,992'), ('1985', '9,968,238'), ('1980', '9,627,002'), ('1975', '9,014,085'), ('1970', '8,663,571'), ('1965', '8,453,821'), ('1960', '8,273,629'), ('1955', '8,011,124'), ('1950', '7,668,794')]"
Canada,88.01%,"37,742,154","[('2020', '37,742,154'), ('2019', '37,411,047'), ('2018', '37,074,562'), ('2017', '36,732,095'), ('2016', '36,382,944'), ('2015', '36,026,676'), ('2010', '34,147,564'), ('2005', '32,164,309'), ('2000', '30,588,383'), ('1995', '29,164,152'), ('1990', '27,541,319'), ('1985', '25,744,810'), ('1980', '24,416,886'), ('1975', '23,059,265'), ('1970', '21,374,326'), ('1965', '19,627,980'), ('1960', '17,847,405'), ('1955', '15,673,763'), ('1950', '13,733,402')]"
Afghanistan,6.88%,"38,928,346","[('2020', '38,928,346'), ('2019', '38,041,754'), ('2018', '37,171,921'), ('2017', '36,296,113'), ('2016', '35,383,032'), ('2015', '34,413,603'), ('2010', '29,185,507'), ('2005', '25,654,277'), ('2000', '20,779,953'), ('1995', '18,110,657'), ('1990', '12,412,308'), ('1985', '11,938,208'), ('1980', '13,356,511'), ('1975', '12,689,160'), ('1970', '11,173,642'), ('1965', '9,956,320'), ('1960', '8,996,973'), ('1955', '8,270,991'), ('1950', '7,752,118')]"
Barbados,117.27%,"287,375","[('2020', '287,375'), ('2019', '287,025'), ('2018', '286,641'), ('2017', '286,232'), ('2016', '285,796'), ('2015', '285,324'), ('2010', '282,131'), ('2005', '276,323'), ('2000', '271,515'), ('1995', '265,955'), ('1990', '260,936'), ('1985', '256,263'), ('1980', '252,394'), ('1975', '246,154'), ('1970', '238,896'), ('1965', '235,413'), ('1960', '230,980'), ('1955', '227,138'), ('1950', '210,992')]"
Venezuela,214.45%,"28,435,940","[('2020', '28,435,940'), ('2019', '28,515,829'), ('2018', '28,887,118'), ('2017', '29,402,484'), ('2016', '29,851,255'), ('2015', '30,081,829'), ('2010', '28,439,940'), ('2005', '26,432,447'), ('2000', '24,192,446'), ('1995', '21,931,084'), ('1990', '19,632,665'), ('1985', '17,319,520'), ('1980', '15,182,611'), ('1975', '13,189,509'), ('1970', '11,396,393'), ('1965', '9,692,278'), ('1960', '8,141,841'), ('1955', '6,744,695'), ('1950', '5,481,978')]"
Brunei,2.63%,"437,479","[('2020', '437,479'), ('2019', '433,285'), ('2018', '428,963'), ('2017', '424,473'), ('2016', '419,800'), ('2015', '414,907'), ('2010', '388,646'), ('2005', '365,114'), ('2000', '333,165'), ('1995', '297,114'), ('1990', '258,721'), ('1985', '224,449'), ('1980', '193,879'), ('1975', '161,626'), ('1970', '129,529'), ('1965', '102,386'), ('1960', '81,702'), ('1955', '63,356'), ('1950', '48,001')]"
Egypt,86.93%,"102,334,404","[('2020', '102,334,404'), ('2019', '100,388,073'), ('2018', '98,423,598'), ('2017', '96,442,591'), ('2016', '94,447,073'), ('2015', '92,442,547'), ('2010', '82,761,235'), ('2005', '75,523,569'), ('2000', '68,831,561'), ('1995', '62,334,034'), ('1990', '56,134,475'), ('1985', '49,258,732'), ('1980', '43,309,063'), ('1975', '38,549,142'), ('1970', '34,513,850'), ('1965', '30,433,022'), ('1960', '26,632,894'), ('1955', '23,223,124'), ('1950', '20,451,978')]"
Dr Congo,14.01%,"89,561,403","[('2020', '89,561,403'), ('2019', '86,790,567'), ('2018', '84,068,091'), ('2017', '81,398,764'), ('2016', '78,789,127'), ('2015', '76,244,544'), ('2010', '64,563,854'), ('2005', '54,785,903'), ('2000', '47,105,826'), ('1995', '41,576,234'), ('1990', '34,612,023'), ('1985', '29,881,229'), ('1980', '26,358,908'), ('1975', '22,903,581'), ('1970', '20,011,036'), ('1965', '17,369,883'), ('1960', '15,248,251'), ('1955', '13,517,513'), ('1950', '12,183,659')]"
Russia,13.79%,"145,934,462","[('2020', '145,934,462'), ('2019', '145,872,256'), ('2018', '145,734,038'), ('2017', '145,530,082'), ('2016', '145,275,383'), ('2015', '144,985,057'), ('2010', '143,479,274'), ('2005', '143,672,116'), ('2000', '146,404,903'), ('1995', '148,227,466'), ('1990', '147,531,561'), ('1985', '142,957,284'), ('1980', '138,053,150'), ('1975', '133,804,858'), ('1970', '130,148,653'), ('1965', '126,503,736'), ('1960', '119,871,700'), ('1955', '111,355,300'), ('1950', '102,798,657')]"
Kuwait,17.78%,"4,270,571","[('2020', '4,270,571'), ('2019', '4,207,083'), ('2018', '4,137,312'), ('2017', '4,056,099'), ('2016', '3,956,875'), ('2015', '3,835,591'), ('2010', '2,991,884'), ('2005', '2,270,198'), ('2000', '2,045,123'), ('1995', '1,605,901'), ('1990', '2,095,344'), ('1985', '1,735,274'), ('1980', '1,368,677'), ('1975', '1,021,720'), ('1970', '744,450'), ('1965', '472,037'), ('1960', '269,029'), ('1955', '181,888'), ('1950', '153,098')]"
Solomon Islands,14.56%,"686,884","[('2020', '686,884'), ('2019', '669,823'), ('2018', '652,857'), ('2017', '636,039'), ('2016', '619,438'), ('2015', '603,118'), ('2010', '527,861'), ('2005', '469,918'), ('2000', '412,660'), ('1995', '359,281'), ('1990', '311,866'), ('1985', '270,788'), ('1980', '230,546'), ('1975', '193,402'), ('1970', '160,250'), ('1965', '136,816'), ('1960', '117,849'), ('1955', '102,002'), ('1950', '89,794')]"
Iraq,50.25%,"40,222,493","[('2020', '40,222,493'), ('2019', '39,309,783'), ('2018', '38,433,600'), ('2017', '37,552,781'), ('2016', '36,610,632'), ('2015', '35,572,261'), ('2010', '29,741,976'), ('2005', '26,922,284'), ('2000', '23,497,585'), ('1995', '20,149,338'), ('1990', '17,419,113'), ('1985', '15,555,800'), ('1980', '13,653,354'), ('1975', '11,684,590'), ('1970', '9,917,983'), ('1965', '8,375,790'), ('1960', '7,289,760'), ('1955', '6,502,657'), ('1950', '5,719,192')]"
Azerbaijan,17.59%,"10,139,177","[('2020', '10,139,177'), ('2019', '10,047,718'), ('2018', '9,949,537'), ('2017', '9,845,320'), ('2016', '9,736,043'), ('2015', '9,622,745'), ('2010', '9,032,461'), ('2005', '8,538,605'), ('2000', '8,122,741'), ('1995', '7,775,424'), ('1990', '7,242,761'), ('1985', '6,666,447'), ('1980', '6,150,733'), ('1975', '5,674,133'), ('1970', '5,180,023'), ('1965', '4,592,609'), ('1960', '3,895,397'), ('1955', '3,329,387'), ('1950', '2,927,921')]"
Micronesia,18.41%,"115,023","[('2020', '115,023'), ('2019', '113,815'), ('2018', '112,640'), ('2017', '111,459'), ('2016', '110,215'), ('2015', '108,895'), ('2010', '102,911'), ('2005', '106,129'), ('2000', '107,402'), ('1995', '107,529'), ('1990', '96,301'), ('1985', '85,640'), ('1980', '72,930'), ('1975', '63,128'), ('1970', '61,417'), ('1965', '52,227'), ('1960', '44,514'), ('1955', '37,873'), ('1950', '32,001')]"
Estonia,7.61%,"1,326,535","[('2020', '1,326,535'), ('2019', '1,325,648'), ('2018', '1,322,920'), ('2017', '1,319,390'), ('2016', '1,316,510'), ('2015', '1,315,325'), ('2010', '1,332,101'), ('2005', '1,355,648'), ('2000', '1,399,112'), ('1995', '1,433,024'), ('1990', '1,565,246'), ('1985', '1,522,400'), ('1980', '1,474,439'), ('1975', '1,422,043'), ('1970', '1,360,202'), ('1965', '1,290,396'), ('1960', '1,216,819'), ('1955', '1,159,231'), ('1950', '1,100,995')]"
Tuvalu,21.81%,"11,792","[('2020', '11,792'), ('2019', '11,646'), ('2018', '11,508'), ('2017', '11,370'), ('2016', '11,225'), ('2015', '11,099'), ('2010', '10,530'), ('2005', '10,000'), ('2000', '9,394'), ('1995', '9,298'), ('1990', '8,913'), ('1985', '8,219'), ('1980', '7,637'), ('1975', '6,060'), ('1970', '5,735'), ('1965', '5,386'), ('1960', '5,323'), ('1955', '5,069'), ('1950', '4,673')]"
Paraguay,22.37%,"7,132,538","[('2020', '7,132,538'), ('2019', '7,044,636'), ('2018', '6,956,066'), ('2017', '6,867,061'), ('2016', '6,777,872'), ('2015', '6,688,746'), ('2010', '6,248,020'), ('2005', '5,824,096'), ('2000', '5,323,201'), ('1995', '4,776,843'), ('1990', '4,223,415'), ('1985', '3,676,210'), ('1980', '3,181,625'), ('1975', '2,791,241'), ('1970', '2,474,763'), ('1965', '2,172,306'), ('1960', '1,903,982'), ('1955', '1,673,665'), ('1950', '1,473,253')]"
Marshall Islands,23.37%,"59,190","[('2020', '59,190'), ('2019', '58,791'), ('2018', '58,413'), ('2017', '58,058'), ('2016', '57,735'), ('2015', '57,439'), ('2010', '56,366'), ('2005', '55,258'), ('2000', '50,753'), ('1995', '50,457'), ('1990', '47,271'), ('1985', '38,333'), ('1980', '30,576'), ('1975', '25,576'), ('1970', '20,395'), ('1965', '17,284'), ('1960', '14,662'), ('1955', '13,894'), ('1950', '13,001')]"
Kazakhstan,20.90%,"18,776,707","[('2020', '18,776,707'), ('2019', '18,551,427'), ('2018', '18,319,618'), ('2017', '18,080,019'), ('2016', '17,830,901'), ('2015', '17,572,016'), ('2010', '16,252,279'), ('2005', '15,402,807'), ('2000', '14,922,719'), ('1995', '15,839,363'), ('1990', '16,383,887'), ('1985', '15,665,595'), ('1980', '14,796,174'), ('1975', '14,050,226'), ('1970', '13,036,139'), ('1965', '11,841,920'), ('1960', '9,934,563'), ('1955', '7,932,521'), ('1950', '6,702,991')]"
Kiribati,23.48%,"119,449","[('2020', '119,449'), ('2019', '117,606'), ('2018', '115,847'), ('2017', '114,158'), ('2016', '112,524'), ('2015', '110,930'), ('2010', '102,927'), ('2005', '92,325'), ('2000', '84,396'), ('1995', '77,723'), ('1990', '72,400'), ('1985', '63,986'), ('1980', '59,301'), ('1975', '55,114'), ('1970', '51,151'), ('1965', '46,429'), ('1960', '41,202'), ('1955', '36,573'), ('1950', '33,048')]"
Saudi Arabia,23.71%,"34,813,871","[('2020', '34,813,871'), ('2019', '34,268,528'), ('2018', '33,702,756'), ('2017', '33,101,179'), ('2016', '32,443,447'), ('2015', '31,717,667'), ('2010', '27,421,461'), ('2005', '23,816,183'), ('2000', '20,663,843'), ('1995', '18,638,787'), ('1990', '16,233,785'), ('1985', '13,118,993'), ('1980', '9,691,476'), ('1975', '7,419,493'), ('1970', '5,836,389'), ('1965', '4,843,635'), ('1960', '4,086,539'), ('1955', '3,558,155'), ('1950', '3,121,335')]"
United Arab Emirates,19.20%,"9,890,402","[('2020', '9,890,402'), ('2019', '9,770,529'), ('2018', '9,630,959'), ('2017', '9,487,203'), ('2016', '9,360,980'), ('2015', '9,262,900'), ('2010', '8,549,988'), ('2005', '4,588,225'), ('2000', '3,134,062'), ('1995', '2,415,090'), ('1990', '1,828,432'), ('1985', '1,366,164'), ('1980', '1,019,509'), ('1975', '548,301'), ('1970', '234,514'), ('1965', '149,857'), ('1960', '92,418'), ('1955', '79,578'), ('1950', '69,588')]"
Chile,27.17%,"19,116,201","[('2020', '19,116,201'), ('2019', '18,952,038'), ('2018', '18,729,160'), ('2017', '18,470,439'), ('2016', '18,209,068'), ('2015', '17,969,353'), ('2010', '17,062,536'), ('2005', '16,182,721'), ('2000', '15,342,353'), ('1995', '14,380,866'), ('1990', '13,274,623'), ('1985', '12,257,236'), ('1980', '11,419,348'), ('1975', '10,592,307'), ('1970', '9,783,134'), ('1965', '8,989,621'), ('1960', '8,132,990'), ('1955', '7,322,652'), ('1950', '6,598,524')]"
Peru,27.18%,"32,971,854","[('2020', '32,971,854'), ('2019', '32,510,453'), ('2018', '31,989,260'), ('2017', '31,444,298'), ('2016', '30,926,032'), ('2015', '30,470,734'), ('2010', '29,027,674'), ('2005', '27,866,145'), ('2000', '26,459,944'), ('1995', '24,299,160'), ('1990', '22,071,433'), ('1985', '19,772,872'), ('1980', '17,547,610'), ('1975', '15,424,744'), ('1970', '13,459,794'), ('1965', '11,711,392'), ('1960', '10,155,015'), ('1955', '8,858,389'), ('1950', '7,777,446')]"
New Zealand,28.07%,"4,822,233","[('2020', '4,822,233'), ('2019', '4,783,063'), ('2018', '4,743,131'), ('2017', '4,702,034'), ('2016', '4,659,265'), ('2015', '4,614,532'), ('2010', '4,370,062'), ('2005', '4,135,355'), ('2000', '3,858,999'), ('1995', '3,674,936'), ('1990', '3,398,172'), ('1985', '3,268,236'), ('1980', '3,146,619'), ('1975', '3,082,633'), ('1970', '2,818,387'), ('1965', '2,626,645'), ('1960', '2,372,594'), ('1955', '2,136,391'), ('1950', '1,908,000')]"
Indonesia,29.29%,"273,523,615","[('2020', '273,523,615'), ('2019', '270,625,568'), ('2018', '267,670,543'), ('2017', '264,650,963'), ('2016', '261,556,381'), ('2015', '258,383,256'), ('2010', '241,834,215'), ('2005', '226,289,470'), ('2000', '211,513,823'), ('1995', '196,934,260'), ('1990', '181,413,402'), ('1985', '164,982,451'), ('1980', '147,447,836'), ('1975', '130,680,727'), ('1970', '114,793,178'), ('1965', '100,267,062'), ('1960', '87,751,068'), ('1955', '77,273,425'), ('1950', '69,543,316')]"
Moldova,28.82%,"4,033,963","[('2020', '4,033,963'), ('2019', '4,043,263'), ('2018', '4,051,944'), ('2017', '4,059,684'), ('2016', '4,066,009'), ('2015', '4,070,700'), ('2010', '4,086,081'), ('2005', '4,159,293'), ('2000', '4,202,658'), ('1995', '4,340,597'), ('1990', '4,365,564'), ('1985', '4,216,249'), ('1980', '4,011,076'), ('1975', '3,840,045'), ('1970', '3,595,555'), ('1965', '3,336,592'), ('1960', '3,004,452'), ('1955', '2,627,012'), ('1950', '2,340,997')]"
Turkey,29.93%,"84,339,067","[('2020', '84,339,067'), ('2019', '83,429,615'), ('2018', '82,340,088'), ('2017', '81,116,450'), ('2016', '79,827,871'), ('2015', '78,529,409'), ('2010', '72,326,988'), ('2005', '67,903,469'), ('2000', '63,240,194'), ('1995', '58,486,456'), ('1990', '53,921,760'), ('1985', '49,133,937'), ('1980', '43,975,971'), ('1975', '39,277,258'), ('1970', '34,876,303'), ('1965', '30,972,994'), ('1960', '27,472,345'), ('1955', '24,270,600'), ('1950', '21,408,399')]"
Cambodia,29.57%,"16,718,965","[('2020', '16,718,965'), ('2019', '16,486,542'), ('2018', '16,249,792'), ('2017', '16,009,409'), ('2016', '15,766,292'), ('2015', '15,521,436'), ('2010', '14,312,212'), ('2005', '13,273,354'), ('2000', '12,155,239'), ('1995', '10,656,138'), ('1990', '8,975,597'), ('1985', '7,714,880'), ('1980', '6,693,764'), ('1975', '7,524,447'), ('1970', '6,996,576'), ('1965', '6,467,197'), ('1960', '5,722,370'), ('1955', '5,045,288'), ('1950', '4,432,714')]"
Iran,30.04%,"83,992,949","[('2020', '83,992,949'), ('2019', '82,913,906'), ('2018', '81,800,188'), ('2017', '80,673,883'), ('2016', '79,563,989'), ('2015', '78,492,215'), ('2010', '73,762,519'), ('2005', '69,762,347'), ('2000', '65,623,405'), ('1995', '61,442,664'), ('1990', '56,366,217'), ('1985', '47,347,186'), ('1980', '38,650,246'), ('1975', '32,729,772'), ('1970', '28,513,866'), ('1965', '24,954,873'), ('1960', '21,906,914'), ('1955', '19,294,127'), ('1950', '17,119,265')]"
Nigeria,30.05%,"206,139,589","[('2020', '206,139,589'), ('2019', '200,963,599'), ('2018', '195,874,683'), ('2017', '190,873,244'), ('2016', '185,960,241'), ('2015', '181,137,448'), ('2010', '158,503,197'), ('2005', '138,865,016'), ('2000', '122,283,850'), ('1995', '107,948,335'), ('1990', '95,212,450'), ('1985', '83,562,785'), ('1980', '73,423,633'), ('1975', '63,374,298'), ('1970', '55,982,144'), ('1965', '50,127,921'), ('1960', '45,138,458'), ('1955', '41,086,100'), ('1950', '37,859,748')]"
Czech Republic,31.57%,"10,708,981","[('2020', '10,708,981'), ('2019', '10,689,209'), ('2018', '10,665,677'), ('2017', '10,641,034'), ('2016', '10,618,857'), ('2015', '10,601,397'), ('2010', '10,536,518'), ('2005', '10,258,167'), ('2000', '10,289,373'), ('1995', '10,358,193'), ('1990', '10,340,875'), ('1985', '10,331,143'), ('1980', '10,349,083'), ('1975', '10,069,955'), ('1970', '9,817,669'), ('1965', '9,811,377'), ('1960', '9,590,174'), ('1955', '9,361,772'), ('1950', '8,902,619')]"
Turkmenistan,30.25%,"6,031,200","[('2020', '6,031,200'), ('2019', '5,942,089'), ('2018', '5,850,901'), ('2017', '5,757,667'), ('2016', '5,662,368'), ('2015', '5,565,287'), ('2010', '5,087,213'), ('2005', '4,754,646'), ('2000', '4,516,133'), ('1995', '4,207,841'), ('1990', '3,683,967'), ('1985', '3,244,018'), ('1980', '2,876,808'), ('1975', '2,525,364'), ('1970', '2,195,175'), ('1965', '1,892,599'), ('1960', '1,603,258'), ('1955', '1,364,635'), ('1950', '1,210,994')]"
Nepal,33.07%,"29,136,808","[('2020', '29,136,808'), ('2019', '28,608,710'), ('2018', '28,095,714'), ('2017', '27,632,681'), ('2016', '27,263,433'), ('2015', '27,015,031'), ('2010', '27,013,212'), ('2005', '25,744,500'), ('2000', '23,941,110'), ('1995', '21,576,071'), ('1990', '18,905,478'), ('1985', '16,858,310'), ('1980', '15,016,402'), ('1975', '13,420,369'), ('1970', '12,074,626'), ('1965', '10,972,912'), ('1960', '10,105,050'), ('1955', '9,316,916'), ('1950', '8,483,325')]"
Guatemala,24.76%,"17,915,568","[('2020', '17,915,568'), ('2019', '17,581,472'), ('2018', '17,247,849'), ('2017', '16,914,970'), ('2016', '16,583,076'), ('2015', '16,252,429'), ('2010', '14,630,417'), ('2005', '13,096,028'), ('2000', '11,650,743'), ('1995', '10,408,489'), ('1990', '9,263,813'), ('1985', '8,240,060'), ('1980', '7,283,459'), ('1975', '6,433,728'), ('1970', '5,621,792'), ('1965', '4,869,716'), ('1960', '4,210,747'), ('1955', '3,625,300'), ('1950', '3,114,957')]"
Iceland,33.13%,"341,243","[('2020', '341,243'), ('2019', '339,031'), ('2018', '336,713'), ('2017', '334,393'), ('2016', '332,206'), ('2015', '330,243'), ('2010', '320,328'), ('2005', '294,979'), ('2000', '280,435'), ('1995', '267,629'), ('1990', '255,043'), ('1985', '241,582'), ('1980', '228,262'), ('1975', '218,070'), ('1970', '204,426'), ('1965', '192,313'), ('1960', '175,592'), ('1955', '157,642'), ('1950', '142,659')]"
Denmark,33.61%,"5,792,202","[('2020', '5,792,202'), ('2019', '5,771,876'), ('2018', '5,752,126'), ('2017', '5,732,274'), ('2016', '5,711,349'), ('2015', '5,688,695'), ('2010', '5,554,844'), ('2005', '5,421,702'), ('2000', '5,341,194'), ('1995', '5,232,704'), ('1990', '5,141,115'), ('1985', '5,114,243'), ('1980', '5,123,945'), ('1975', '5,062,729'), ('1970', '4,931,241'), ('1965', '4,760,460'), ('1960', '4,581,101'), ('1955', '4,440,778'), ('1950', '4,268,271')]"
Lithuania,33.79%,"2,722,289","[('2020', '2,722,289'), ('2019', '2,759,627'), ('2018', '2,801,264'), ('2017', '2,845,414'), ('2016', '2,889,557'), ('2015', '2,931,880'), ('2010', '3,123,816'), ('2005', '3,344,268'), ('2000', '3,501,839'), ('1995', '3,626,612'), ('1990', '3,696,035'), ('1985', '3,562,397'), ('1980', '3,430,760'), ('1975', '3,298,879'), ('1970', '3,136,586'), ('1965', '2,966,165'), ('1960', '2,769,876'), ('1955', '2,628,751'), ('1950', '2,567,403')]"
Taiwan,33.91%,"23,816,775","[('2020', '23,816,775'), ('2019', '23,773,876'), ('2018', '23,726,460'), ('2017', '23,674,546'), ('2016', '23,618,200'), ('2015', '23,557,477'), ('2010', '23,187,551'), ('2005', '22,705,713'), ('2000', '21,966,527'), ('1995', '21,356,033'), ('1990', '20,478,520'), ('1985', '19,303,404'), ('1980', '17,905,458'), ('1975', '16,464,927'), ('1970', '14,924,455'), ('1965', '12,901,155'), ('1960', '10,876,150'), ('1955', '9,189,972'), ('1950', '7,602,361')]"
Bangladesh,34.81%,"164,689,383","[('2020', '164,689,383'), ('2019', '163,046,161'), ('2018', '161,376,708'), ('2017', '159,685,424'), ('2016', '157,977,153'), ('2015', '156,256,276'), ('2010', '147,575,430'), ('2005', '139,035,505'), ('2000', '127,657,854'), ('1995', '115,169,930'), ('1990', '103,171,956'), ('1985', '90,764,183'), ('1980', '79,639,491'), ('1975', '70,066,301'), ('1970', '64,232,482'), ('1965', '55,385,112'), ('1960', '48,013,504'), ('1955', '42,086,301'), ('1950', '37,894,681')]"
Bosnia And Herzegovina,36.34%,"3,280,819","[('2020', '3,280,819'), ('2019', '3,301,000'), ('2018', '3,323,925'), ('2017', '3,351,525'), ('2016', '3,386,266'), ('2015', '3,429,361'), ('2010', '3,705,472'), ('2005', '3,765,331'), ('2000', '3,751,176'), ('1995', '3,829,050'), ('1990', '4,463,423'), ('1985', '4,392,131'), ('1980', '4,179,855'), ('1975', '3,985,105'), ('1970', '3,760,529'), ('1965', '3,535,643'), ('1960', '3,225,668'), ('1955', '2,936,309'), ('1950', '2,661,296')]"
Tanzania,36.57%,"59,734,218","[('2020', '59,734,218'), ('2019', '58,005,463'), ('2018', '56,313,438'), ('2017', '54,660,339'), ('2016', '53,049,230'), ('2015', '51,482,633'), ('2010', '44,346,525'), ('2005', '38,450,320'), ('2000', '33,499,180'), ('1995', '29,649,135'), ('1990', '25,203,845'), ('1985', '21,633,796'), ('1980', '18,538,259'), ('1975', '15,885,229'), ('1970', '13,535,481'), ('1965', '11,634,832'), ('1960', '10,052,152'), ('1955', '8,729,662'), ('1950', '7,649,761')]"
Comoros,35.08%,"869,601","[('2020', '869,601'), ('2019', '850,886'), ('2018', '832,322'), ('2017', '813,892'), ('2016', '795,592'), ('2015', '777,424'), ('2010', '689,692'), ('2005', '611,627'), ('2000', '542,357'), ('1995', '475,394'), ('1990', '411,594'), ('1985', '355,337'), ('1980', '307,829'), ('1975', '257,290'), ('1970', '230,054'), ('1965', '207,424'), ('1960', '191,121'), ('1955', '175,903'), ('1950', '159,459')]"
Haiti,36.23%,"11,402,528","[('2020', '11,402,528'), ('2019', '11,263,077'), ('2018', '11,123,178'), ('2017', '10,982,366'), ('2016', '10,839,970'), ('2015', '10,695,542'), ('2010', '9,949,322'), ('2005', '9,195,288'), ('2000', '8,463,806'), ('1995', '7,744,503'), ('1990', '7,037,917'), ('1985', '6,337,273'), ('1980', '5,643,173'), ('1975', '5,094,577'), ('1970', '4,676,230'), ('1965', '4,258,732'), ('1960', '3,866,159'), ('1955', '3,514,074'), ('1950', '3,221,283')]"
Norway,36.75%,"5,421,241","[('2020', '5,421,241'), ('2019', '5,378,857'), ('2018', '5,337,962'), ('2017', '5,296,326'), ('2016', '5,250,949'), ('2015', '5,199,836'), ('2010', '4,885,878'), ('2005', '4,632,364'), ('2000', '4,499,367'), ('1995', '4,366,995'), ('1990', '4,247,285'), ('1985', '4,153,105'), ('1980', '4,086,076'), ('1975', '4,008,031'), ('1970', '3,876,060'), ('1965', '3,724,463'), ('1960', '3,582,507'), ('1955', '3,430,340'), ('1950', '3,265,273')]"
Mali,36.93%,"20,250,833","[('2020', '20,250,833'), ('2019', '19,658,031'), ('2018', '19,077,749'), ('2017', '18,512,430'), ('2016', '17,965,443'), ('2015', '17,438,778'), ('2010', '15,049,353'), ('2005', '12,775,516'), ('2000', '10,946,445'), ('1995', '9,585,653'), ('1990', '8,449,913'), ('1985', '7,831,889'), ('1980', '7,090,126'), ('1975', '6,482,278'), ('1970', '5,949,045'), ('1965', '5,568,484'), ('1960', '5,263,733'), ('1955', '4,975,398'), ('1950', '4,708,429')]"
Latvia,36.66%,"1,886,198","[('2020', '1,886,198'), ('2019', '1,906,743'), ('2018', '1,928,459'), ('2017', '1,951,097'), ('2016', '1,974,266'), ('2015', '1,997,674'), ('2010', '2,118,861'), ('2005', '2,251,993'), ('2000', '2,384,164'), ('1995', '2,508,480'), ('1990', '2,664,439'), ('1985', '2,580,758'), ('1980', '2,521,391'), ('1975', '2,469,444'), ('1970', '2,378,021'), ('1965', '2,266,943'), ('1960', '2,129,586'), ('1955', '2,001,574'), ('1950', '1,926,568')]"
Sweden,37.23%,"10,099,265","[('2020', '10,099,265'), ('2019', '10,036,379'), ('2018', '9,971,638'), ('2017', '9,904,896'), ('2016', '9,836,007'), ('2015', '9,764,950'), ('2010', '9,390,168'), ('2005', '9,038,623'), ('2000', '8,881,640'), ('1995', '8,836,420'), ('1990', '8,567,384'), ('1985', '8,357,652'), ('1980', '8,316,338'), ('1975', '8,197,340'), ('1970', '8,054,916'), ('1965', '7,745,673'), ('1960', '7,482,543'), ('1955', '7,262,623'), ('1950', '7,009,912')]"
Equatorial Guinea,37.49%,"1,402,985","[('2020', '1,402,985'), ('2019', '1,355,986'), ('2018', '1,308,975'), ('2017', '1,262,002'), ('2016', '1,215,180'), ('2015', '1,168,568'), ('2010', '943,639'), ('2005', '749,535'), ('2000', '606,181'), ('1995', '496,768'), ('1990', '419,188'), ('1985', '352,118'), ('1980', '249,929'), ('1975', '255,800'), ('1970', '303,982'), ('1965', '276,300'), ('1960', '255,333'), ('1955', '239,873'), ('1950', '225,537')]"
South Sudan,37.81%,"11,193,725","[('2020', '11,193,725'), ('2019', '11,062,113'), ('2018', '10,975,927'), ('2017', '10,910,763'), ('2016', '10,832,518'), ('2015', '10,715,658'), ('2010', '9,508,364'), ('2005', '7,535,932'), ('2000', '6,199,394'), ('1995', '5,118,083'), ('1990', '5,492,623'), ('1985', '5,220,747'), ('1980', '4,502,604'), ('1975', '3,941,618'), ('1970', '3,494,004'), ('1965', '3,133,150'), ('1960', '2,842,724'), ('1955', '2,619,712'), ('1950', '2,482,301')]"
Bulgaria,19.33%,"6,948,445","[('2020', '6,948,445'), ('2019', '7,000,119'), ('2018', '7,051,608'), ('2017', '7,102,444'), ('2016', '7,151,953'), ('2015', '7,199,741'), ('2010', '7,425,008'), ('2005', '7,686,962'), ('2000', '7,997,957'), ('1995', '8,379,308'), ('1990', '8,841,458'), ('1985', '8,975,361'), ('1980', '8,878,791'), ('1975', '8,738,392'), ('1970', '8,507,551'), ('1965', '8,222,589'), ('1960', '7,885,607'), ('1955', '7,561,493'), ('1950', '7,250,999')]"
Botswana,12.78%,"2,351,627","[('2020', '2,351,627'), ('2019', '2,303,697'), ('2018', '2,254,068'), ('2017', '2,205,080'), ('2016', '2,159,927'), ('2015', '2,120,716'), ('2010', '1,987,105'), ('2005', '1,799,078'), ('2000', '1,643,334'), ('1995', '1,469,174'), ('1990', '1,286,756'), ('1985', '1,069,582'), ('1980', '897,868'), ('1975', '741,355'), ('1970', '627,715'), ('1965', '559,994'), ('1960', '502,745'), ('1955', '463,359'), ('1950', '412,531')]"
Papua New Guinea,37.72%,"8,947,024","[('2020', '8,947,024'), ('2019', '8,776,109'), ('2018', '8,606,323'), ('2017', '8,438,036'), ('2016', '8,271,762'), ('2015', '8,107,775'), ('2010', '7,310,507'), ('2005', '6,494,903'), ('2000', '5,847,586'), ('1995', '5,187,060'), ('1990', '4,615,839'), ('1985', '4,081,030'), ('1980', '3,571,205'), ('1975', '3,139,945'), ('1970', '2,783,121'), ('1965', '2,485,437'), ('1960', '2,255,859'), ('1955', '2,086,247'), ('1950', '2,002,148')]"
Panama,37.81%,"4,314,767","[('2020', '4,314,767'), ('2019', '4,246,439'), ('2018', '4,176,869'), ('2017', '4,106,769'), ('2016', '4,037,078'), ('2015', '3,968,487'), ('2010', '3,642,687'), ('2005', '3,330,217'), ('2000', '3,030,328'), ('1995', '2,739,668'), ('1990', '2,470,947'), ('1985', '2,219,201'), ('1980', '1,978,487'), ('1975', '1,745,138'), ('1970', '1,519,285'), ('1965', '1,314,677'), ('1960', '1,132,997'), ('1955', '981,080'), ('1950', '859,659')]"
Romania,37.99%,"19,237,691","[('2020', '19,237,691'), ('2019', '19,364,557'), ('2018', '19,506,114'), ('2017', '19,653,969'), ('2016', '19,796,285'), ('2015', '19,925,175'), ('2010', '20,471,864'), ('2005', '21,417,291'), ('2000', '22,137,419'), ('1995', '22,964,754'), ('1990', '23,489,160'), ('1985', '23,071,274'), ('1980', '22,615,639'), ('1975', '21,665,643'), ('1970', '20,548,911'), ('1965', '19,379,568'), ('1960', '18,613,939'), ('1955', '17,483,935'), ('1950', '16,236,296')]"
Lesotho,37.95%,"2,142,249","[('2020', '2,142,249'), ('2019', '2,125,268'), ('2018', '2,108,328'), ('2017', '2,091,534'), ('2016', '2,075,030'), ('2015', '2,059,021'), ('2010', '1,995,581'), ('2005', '1,996,114'), ('2000', '2,032,804'), ('1995', '1,898,598'), ('1990', '1,703,747'), ('1985', '1,526,131'), ('1980', '1,340,255'), ('1975', '1,160,792'), ('1970', '1,028,926'), ('1965', '922,306'), ('1960', '837,270'), ('1955', '766,763'), ('1950', '704,686')]"
Philippines,39.10%,"109,581,078","[('2020', '109,581,078'), ('2019', '108,116,615'), ('2018', '106,651,394'), ('2017', '105,172,925'), ('2016', '103,663,816'), ('2015', '102,113,212'), ('2010', '93,966,780'), ('2005', '86,326,250'), ('2000', '77,991,755'), ('1995', '69,784,088'), ('1990', '61,895,160'), ('1985', '54,275,822'), ('1980', '47,357,743'), ('1975', '41,285,742'), ('1970', '35,803,594'), ('1965', '30,909,988'), ('1960', '26,269,734'), ('1955', '22,177,058'), ('1950', '18,580,490')]"
Cameroon,38.11%,"26,545,863","[('2020', '26,545,863'), ('2019', '25,876,380'), ('2018', '25,216,267'), ('2017', '24,566,073'), ('2016', '23,926,551'), ('2015', '23,298,368'), ('2010', '20,341,241'), ('2005', '17,733,410'), ('2000', '15,513,945'), ('1995', '13,599,988'), ('1990', '11,780,088'), ('1985', '10,070,806'), ('1980', '8,621,406'), ('1975', '7,451,054'), ('1970', '6,519,762'), ('1965', '5,773,543'), ('1960', '5,176,918'), ('1955', '4,706,995'), ('1950', '4,307,023')]"
Switzerland,39.49%,"8,654,622","[('2020', '8,654,622'), ('2019', '8,591,365'), ('2018', '8,525,611'), ('2017', '8,455,804'), ('2016', '8,379,917'), ('2015', '8,296,775'), ('2010', '7,808,675'), ('2005', '7,386,816'), ('2000', '7,143,761'), ('1995', '6,995,521'), ('1990', '6,652,868'), ('1985', '6,435,424'), ('1980', '6,283,832'), ('1975', '6,337,025'), ('1970', '6,150,852'), ('1965', '5,812,851'), ('1960', '5,280,680'), ('1955', '4,957,066'), ('1950', '4,668,086')]"
South Korea,40.54%,"51,269,185","[('2020', '51,269,185'), ('2019', '51,225,308'), ('2018', '51,171,706'), ('2017', '51,096,415'), ('2016', '50,983,457'), ('2015', '50,823,093'), ('2010', '49,545,636'), ('2005', '48,701,073'), ('2000', '47,379,241'), ('1995', '45,292,522'), ('1990', '42,918,419'), ('1985', '40,804,402'), ('1980', '38,045,607'), ('1975', '35,378,661'), ('1970', '32,195,681'), ('1965', '28,895,558'), ('1960', '25,329,515'), ('1955', '21,514,570'), ('1950', '19,211,385')]"
Nicaragua,40.88%,"6,624,554","[('2020', '6,624,554'), ('2019', '6,545,502'), ('2018', '6,465,501'), ('2017', '6,384,846'), ('2016', '6,303,974'), ('2015', '6,223,240'), ('2010', '5,824,065'), ('2005', '5,438,690'), ('2000', '5,069,302'), ('1995', '4,652,185'), ('1990', '4,173,434'), ('1985', '3,734,341'), ('1980', '3,265,519'), ('1975', '2,806,857'), ('1970', '2,406,513'), ('1965', '2,068,381'), ('1960', '1,773,129'), ('1955', '1,508,102'), ('1950', '1,294,992')]"
Australia,41.10%,"25,499,884","[('2020', '25,499,884'), ('2019', '25,203,198'), ('2018', '24,898,152'), ('2017', '24,584,620'), ('2016', '24,262,712'), ('2015', '23,932,502'), ('2010', '22,154,679'), ('2005', '20,178,540'), ('2000', '18,991,431'), ('1995', '17,993,074'), ('1990', '16,960,597'), ('1985', '15,663,663'), ('1980', '14,588,405'), ('1975', '13,773,288'), ('1970', '12,793,034'), ('1965', '11,313,195'), ('1960', '10,242,076'), ('1955', '9,165,707'), ('1950', '8,177,342')]"
Madagascar,41.02%,"27,691,018","[('2020', '27,691,018'), ('2019', '26,969,307'), ('2018', '26,262,313'), ('2017', '25,570,512'), ('2016', '24,894,370'), ('2015', '24,234,088'), ('2010', '21,151,640'), ('2005', '18,336,724'), ('2000', '15,766,806'), ('1995', '13,475,400'), ('1990', '11,598,633'), ('1985', '10,063,495'), ('1980', '8,716,553'), ('1975', '7,556,026'), ('1970', '6,576,305'), ('1965', '5,769,218'), ('1960', '5,099,373'), ('1955', '4,543,542'), ('1950', '4,083,554')]"
Zimbabwe,20.99%,"14,862,924","[('2020', '14,862,924'), ('2019', '14,645,468'), ('2018', '14,438,802'), ('2017', '14,236,595'), ('2016', '14,030,331'), ('2015', '13,814,629'), ('2010', '12,697,723'), ('2005', '12,076,699'), ('2000', '11,881,477'), ('1995', '11,410,714'), ('1990', '10,432,421'), ('1985', '8,877,489'), ('1980', '7,408,624'), ('1975', '6,293,875'), ('1970', '5,289,303'), ('1965', '4,471,177'), ('1960', '3,776,681'), ('1955', '3,213,286'), ('1950', '2,746,852')]"
Thailand,41.47%,"69,799,978","[('2020', '69,799,978'), ('2019', '69,625,582'), ('2018', '69,428,453'), ('2017', '69,209,810'), ('2016', '68,971,308'), ('2015', '68,714,511'), ('2010', '67,195,028'), ('2005', '65,416,189'), ('2000', '62,952,642'), ('1995', '59,467,274'), ('1990', '56,558,186'), ('1985', '52,026,901'), ('1980', '47,374,472'), ('1975', '42,326,312'), ('1970', '36,884,536'), ('1965', '31,822,660'), ('1960', '27,397,207'), ('1955', '23,711,132'), ('1950', '20,710,360')]"
Luxembourg,21.61%,"625,978","[('2020', '625,978'), ('2019', '615,729'), ('2018', '604,245'), ('2017', '591,910'), ('2016', '579,264'), ('2015', '566,741'), ('2010', '507,889'), ('2005', '457,842'), ('2000', '436,103'), ('1995', '408,149'), ('1990', '381,791'), ('1985', '366,884'), ('1980', '364,038'), ('1975', '353,983'), ('1970', '339,668'), ('1965', '330,161'), ('1960', '314,588'), ('1955', '305,261'), ('1950', '296,001')]"
Honduras,40.80%,"9,904,607","[('2020', '9,904,607'), ('2019', '9,746,117'), ('2018', '9,587,522'), ('2017', '9,429,013'), ('2016', '9,270,795'), ('2015', '9,112,916'), ('2010', '8,317,470'), ('2005', '7,458,985'), ('2000', '6,574,509'), ('1995', '5,709,014'), ('1990', '4,955,303'), ('1985', '4,281,161'), ('1980', '3,678,279'), ('1975', '3,153,253'), ('1970', '2,716,654'), ('1965', '2,346,015'), ('1960', '2,038,632'), ('1955', '1,771,352'), ('1950', '1,546,724')]"
Central African Republic,42.25%,"4,829,767","[('2020', '4,829,767'), ('2019', '4,745,185'), ('2018', '4,666,368'), ('2017', '4,596,023'), ('2016', '4,537,686'), ('2015', '4,493,170'), ('2010', '4,386,768'), ('2005', '4,038,382'), ('2000', '3,640,427'), ('1995', '3,222,656'), ('1990', '2,806,734'), ('1985', '2,542,169'), ('1980', '2,199,356'), ('1975', '1,958,367'), ('1970', '1,811,144'), ('1965', '1,639,706'), ('1960', '1,501,668'), ('1955', '1,401,341'), ('1950', '1,326,652')]"
Myanmar,39.19%,"54,409,800","[('2020', '54,409,800'), ('2019', '54,045,420'), ('2018', '53,708,320'), ('2017', '53,382,523'), ('2016', '53,045,201'), ('2015', '52,680,726'), ('2010', '50,600,818'), ('2005', '48,949,924'), ('2000', '46,719,701'), ('1995', '43,901,598'), ('1990', '41,335,199'), ('1985', '37,977,086'), ('1980', '34,224,313'), ('1975', '30,611,095'), ('1970', '27,269,069'), ('1965', '24,259,359'), ('1960', '21,736,942'), ('1955', '19,550,071'), ('1950', '17,779,628')]"
Malta,42.46%,"441,543","[('2020', '441,543'), ('2019', '440,372'), ('2018', '439,248'), ('2017', '437,933'), ('2016', '436,097'), ('2015', '433,559'), ('2010', '414,253'), ('2005', '404,653'), ('2000', '393,645'), ('1995', '376,896'), ('1990', '362,015'), ('1985', '346,250'), ('1980', '331,497'), ('1975', '322,356'), ('1970', '320,545'), ('1965', '322,242'), ('1960', '312,973'), ('1955', '313,526'), ('1950', '312,003')]"
Chad,42.91%,"16,425,864","[('2020', '16,425,864'), ('2019', '15,946,876'), ('2018', '15,477,729'), ('2017', '15,016,753'), ('2016', '14,561,660'), ('2015', '14,110,975'), ('2010', '11,952,136'), ('2005', '10,096,633'), ('2000', '8,355,654'), ('1995', '7,010,145'), ('1990', '5,963,252'), ('1985', '5,095,401'), ('1980', '4,514,430'), ('1975', '4,088,564'), ('1970', '3,643,604'), ('1965', '3,309,586'), ('1960', '3,001,609'), ('1955', '2,735,198'), ('1950', '2,502,319')]"
Uganda,44.81%,"45,741,007","[('2020', '45,741,007'), ('2019', '44,269,594'), ('2018', '42,729,036'), ('2017', '41,166,588'), ('2016', '39,649,166'), ('2015', '38,225,453'), ('2010', '32,428,167'), ('2005', '27,684,585'), ('2000', '23,650,172'), ('1995', '20,413,152'), ('1990', '17,354,392'), ('1985', '14,559,355'), ('1980', '12,442,334'), ('1975', '10,737,403'), ('1970', '9,405,600'), ('1965', '7,986,066'), ('1960', '6,767,095'), ('1955', '5,888,793'), ('1950', '5,158,190')]"
Guinea,45.98%,"13,132,795","[('2020', '13,132,795'), ('2019', '12,771,246'), ('2018', '12,414,293'), ('2017', '12,067,519'), ('2016', '11,738,429'), ('2015', '11,432,088'), ('2010', '10,192,176'), ('2005', '9,109,581'), ('2000', '8,240,730'), ('1995', '7,269,625'), ('1990', '6,352,283'), ('1985', '5,470,702'), ('1980', '4,871,435'), ('1975', '4,491,248'), ('1970', '4,154,605'), ('1965', '3,801,705'), ('1960', '3,494,162'), ('1955', '3,229,649'), ('1950', '3,012,951')]"
Slovakia,46.90%,"5,459,642","[('2020', '5,459,642'), ('2019', '5,457,013'), ('2018', '5,453,014'), ('2017', '5,447,900'), ('2016', '5,442,003'), ('2015', '5,435,611'), ('2010', '5,404,294'), ('2005', '5,398,963'), ('2000', '5,399,211'), ('1995', '5,375,470'), ('1990', '5,288,454'), ('1985', '5,166,798'), ('1980', '4,996,731'), ('1975', '4,752,540'), ('1970', '4,538,841'), ('1965', '4,383,452'), ('1960', '4,140,129'), ('1955', '3,815,402'), ('1950', '3,436,573')]"
Burkina Faso,42.47%,"20,903,273","[('2020', '20,903,273'), ('2019', '20,321,378'), ('2018', '19,751,466'), ('2017', '19,193,234'), ('2016', '18,646,357'), ('2015', '18,110,624'), ('2010', '15,605,217'), ('2005', '13,421,930'), ('2000', '11,607,942'), ('1995', '10,089,878'), ('1990', '8,811,034'), ('1985', '7,727,907'), ('1980', '6,822,843'), ('1975', '6,154,545'), ('1970', '5,624,600'), ('1965', '5,174,870'), ('1960', '4,829,288'), ('1955', '4,517,155'), ('1950', '4,284,461')]"
Georgia,45.05%,"3,989,167","[('2020', '3,989,167'), ('2019', '3,996,765'), ('2018', '4,002,942'), ('2017', '4,008,716'), ('2016', '4,015,450'), ('2015', '4,024,183'), ('2010', '4,099,099'), ('2005', '4,210,168'), ('2000', '4,362,187'), ('1995', '4,976,260'), ('1990', '5,410,399'), ('1985', '5,211,454'), ('1980', '5,017,833'), ('1975', '4,873,639'), ('1970', '4,713,342'), ('1965', '4,371,527'), ('1960', '4,007,723'), ('1955', '3,713,133'), ('1950', '3,527,008')]"
Liberia,46.66%,"5,057,681","[('2020', '5,057,681'), ('2019', '4,937,374'), ('2018', '4,818,973'), ('2017', '4,702,226'), ('2016', '4,586,787'), ('2015', '4,472,230'), ('2010', '3,891,356'), ('2005', '3,218,116'), ('2000', '2,848,456'), ('1995', '2,044,661'), ('1990', '2,075,912'), ('1985', '2,145,754'), ('1980', '1,853,001'), ('1975', '1,600,452'), ('1970', '1,400,730'), ('1965', '1,245,102'), ('1960', '1,118,657'), ('1955', '1,011,363'), ('1950', '930,030')]"
Armenia,47.95%,"2,963,243","[('2020', '2,963,243'), ('2019', '2,957,731'), ('2018', '2,951,745'), ('2017', '2,944,791'), ('2016', '2,936,143'), ('2015', '2,925,553'), ('2010', '2,877,319'), ('2005', '2,981,269'), ('2000', '3,069,591'), ('1995', '3,217,348'), ('1990', '3,538,171'), ('1985', '3,335,940'), ('1980', '3,099,754'), ('1975', '2,832,759'), ('1970', '2,525,068'), ('1965', '2,211,319'), ('1960', '1,874,121'), ('1955', '1,563,507'), ('1950', '1,353,510')]"
Uzbekistan,23.23%,"33,469,203","[('2020', '33,469,203'), ('2019', '32,981,716'), ('2018', '32,476,244'), ('2017', '31,959,785'), ('2016', '31,441,751'), ('2015', '30,929,557'), ('2010', '28,515,909'), ('2005', '26,427,789'), ('2000', '24,769,955'), ('1995', '22,791,026'), ('1990', '20,398,348'), ('1985', '18,061,284'), ('1980', '15,898,757'), ('1975', '13,857,478'), ('1970', '12,080,317'), ('1965', '10,116,870'), ('1960', '8,526,300'), ('1955', '7,277,333'), ('1950', '6,264,056')]"
Tajikistan,49.46%,"9,537,645","[('2020', '9,537,645'), ('2019', '9,321,018'), ('2018', '9,100,835'), ('2017', '8,880,268'), ('2016', '8,663,579'), ('2015', '8,454,028'), ('2010', '7,527,394'), ('2005', '6,789,321'), ('2000', '6,216,341'), ('1995', '5,764,810'), ('1990', '5,283,814'), ('1985', '4,537,822'), ('1980', '3,905,446'), ('1975', '3,390,941'), ('1970', '2,930,107'), ('1965', '2,487,976'), ('1960', '2,087,049'), ('1955', '1,794,416'), ('1950', '1,531,501')]"
Trinidad And Tobago,49.75%,"1,399,488","[('2020', '1,399,488'), ('2019', '1,394,973'), ('2018', '1,389,843'), ('2017', '1,384,059'), ('2016', '1,377,560'), ('2015', '1,370,328'), ('2010', '1,328,147'), ('2005', '1,296,502'), ('2000', '1,267,153'), ('1995', '1,254,200'), ('1990', '1,221,116'), ('1985', '1,170,285'), ('1980', '1,084,744'), ('1975', '1,010,936'), ('1970', '945,360'), ('1965', '911,737'), ('1960', '847,979'), ('1955', '739,709'), ('1950', '645,635')]"
Rwanda,50.00%,"12,952,218","[('2020', '12,952,218'), ('2019', '12,626,950'), ('2018', '12,301,970'), ('2017', '11,980,961'), ('2016', '11,668,827'), ('2015', '11,369,071'), ('2010', '10,039,338'), ('2005', '8,840,215'), ('2000', '7,933,681'), ('1995', '5,836,495'), ('1990', '7,288,882'), ('1985', '6,146,891'), ('1980', '5,153,312'), ('1975', '4,364,706'), ('1970', '3,757,358'), ('1965', '3,235,531'), ('1960', '2,935,582'), ('1955', '2,527,294'), ('1950', '2,186,185')]"
Colombia,49.16%,"50,882,891","[('2020', '50,882,891'), ('2019', '50,339,443'), ('2018', '49,661,048'), ('2017', '48,909,839'), ('2016', '48,175,052'), ('2015', '47,520,667'), ('2010', '45,222,700'), ('2005', '42,647,723'), ('2000', '39,629,968'), ('1995', '36,421,438'), ('1990', '33,102,575'), ('1985', '29,951,201'), ('1980', '26,900,506'), ('1975', '24,065,507'), ('1970', '21,480,065'), ('1965', '18,725,245'), ('1960', '16,057,724'), ('1955', '13,775,000'), ('1950', '11,981,576')]"
Dominican Republic,41.92%,"10,847,910","[('2020', '10,847,910'), ('2019', '10,738,958'), ('2018', '10,627,141'), ('2017', '10,513,104'), ('2016', '10,397,741'), ('2015', '10,281,680'), ('2010', '9,695,121'), ('2005', '9,097,257'), ('2000', '8,471,321'), ('1995', '7,819,247'), ('1990', '7,133,494'), ('1985', '6,464,229'), ('1980', '5,803,927'), ('1975', '5,144,637'), ('1970', '4,499,720'), ('1965', '3,877,765'), ('1960', '3,294,224'), ('1955', '2,781,336'), ('1950', '2,364,654')]"
Fiji,50.22%,"896,445","[('2020', '896,445'), ('2019', '889,953'), ('2018', '883,483'), ('2017', '877,459'), ('2016', '872,399'), ('2015', '868,627'), ('2010', '859,818'), ('2005', '821,604'), ('2000', '811,006'), ('1995', '775,425'), ('1990', '728,573'), ('1985', '711,775'), ('1980', '635,307'), ('1975', '576,626'), ('1970', '520,562'), ('1965', '463,968'), ('1960', '393,481'), ('1955', '335,098'), ('1950', '288,988')]"
Ecuador,49.20%,"17,643,054","[('2020', '17,643,054'), ('2019', '17,373,662'), ('2018', '17,084,358'), ('2017', '16,785,361'), ('2016', '16,491,116'), ('2015', '16,212,020'), ('2010', '15,011,117'), ('2005', '13,825,847'), ('2000', '12,681,123'), ('1995', '11,455,204'), ('1990', '10,230,934'), ('1985', '9,066,109'), ('1980', '7,989,186'), ('1975', '6,994,334'), ('1970', '6,069,376'), ('1965', '5,243,977'), ('1960', '4,543,666'), ('1955', '3,956,620'), ('1950', '3,470,159')]"
Samoa,49.44%,"198,414","[('2020', '198,414'), ('2019', '197,097'), ('2018', '196,129'), ('2017', '195,352'), ('2016', '194,535'), ('2015', '193,513'), ('2010', '185,949'), ('2005', '179,727'), ('2000', '174,454'), ('1995', '170,054'), ('1990', '162,803'), ('1985', '159,990'), ('1980', '155,525'), ('1975', '151,359'), ('1970', '143,149'), ('1965', '127,054'), ('1960', '108,629'), ('1955', '94,178'), ('1950', '82,097')]"
Serbia,50.95%,"8,737,371","[('2020', '8,737,371'), ('2019', '8,772,235'), ('2018', '8,802,754'), ('2017', '8,829,628'), ('2016', '8,853,963'), ('2015', '8,876,777'), ('2010', '8,991,254'), ('2005', '9,193,825'), ('2000', '9,487,616'), ('1995', '9,884,147'), ('1990', '9,517,675'), ('1985', '9,253,405'), ('1980', '8,908,294'), ('1975', '8,497,170'), ('1970', '8,119,860'), ('1965', '7,835,083'), ('1960', '7,556,727'), ('1955', '7,234,922'), ('1950', '6,732,256')]"
Belarus,51.08%,"9,449,323","[('2020', '9,449,323'), ('2019', '9,452,411'), ('2018', '9,452,617'), ('2017', '9,450,231'), ('2016', '9,445,643'), ('2015', '9,439,423'), ('2010', '9,420,574'), ('2005', '9,562,088'), ('2000', '9,871,632'), ('1995', '10,077,608'), ('1990', '10,151,134'), ('1985', '9,901,493'), ('1980', '9,569,847'), ('1975', '9,252,779'), ('1970', '8,913,552'), ('1965', '8,505,722'), ('1960', '8,124,881'), ('1955', '7,747,210'), ('1950', '7,745,002')]"
Qatar,52.74%,"2,881,053","[('2020', '2,881,053'), ('2019', '2,832,067'), ('2018', '2,781,682'), ('2017', '2,724,728'), ('2016', '2,654,374'), ('2015', '2,565,710'), ('2010', '1,856,327'), ('2005', '865,416'), ('2000', '592,468'), ('1995', '513,442'), ('1990', '476,278'), ('1985', '370,890'), ('1980', '223,632'), ('1975', '164,320'), ('1970', '109,514'), ('1965', '73,633'), ('1960', '47,384'), ('1955', '35,866'), ('1950', '25,003')]"
Benin,54.00%,"12,123,200","[('2020', '12,123,200'), ('2019', '11,801,151'), ('2018', '11,485,044'), ('2017', '11,175,198'), ('2016', '10,872,063'), ('2015', '10,575,952'), ('2010', '9,199,259'), ('2005', '7,982,225'), ('2000', '6,865,951'), ('1995', '5,905,558'), ('1990', '4,978,496'), ('1985', '4,278,501'), ('1980', '3,717,165'), ('1975', '3,265,165'), ('1970', '2,912,340'), ('1965', '2,632,356'), ('1960', '2,431,622'), ('1955', '2,303,587'), ('1950', '2,255,226')]"
Ivory Coast,50.92%,"26,378,274","[('2020', '26,378,274'), ('2019', '25,716,544'), ('2018', '25,069,230'), ('2017', '24,437,470'), ('2016', '23,822,714'), ('2015', '23,226,143'), ('2010', '20,532,950'), ('2005', '18,354,514'), ('2000', '16,454,668'), ('1995', '14,199,762'), ('1990', '11,924,877'), ('1985', '9,918,196'), ('1980', '8,033,650'), ('1975', '6,412,403'), ('1970', '5,102,064'), ('1965', '4,226,844'), ('1960', '3,503,553'), ('1955', '3,004,421'), ('1950', '2,630,135')]"
Algeria,46.92%,"43,851,044","[('2020', '43,851,044'), ('2019', '43,053,054'), ('2018', '42,228,408'), ('2017', '41,389,189'), ('2016', '40,551,392'), ('2015', '39,728,025'), ('2010', '35,977,455'), ('2005', '33,149,724'), ('2000', '31,042,235'), ('1995', '28,757,785'), ('1990', '25,758,869'), ('1985', '22,431,502'), ('1980', '19,221,665'), ('1975', '16,607,707'), ('1970', '14,464,985'), ('1965', '12,550,885'), ('1960', '11,057,863'), ('1955', '9,774,283'), ('1950', '8,872,247')]"
Poland,47.48%,"37,846,611","[('2020', '37,846,611'), ('2019', '37,887,768'), ('2018', '37,921,592'), ('2017', '37,953,180'), ('2016', '37,989,220'), ('2015', '38,034,079'), ('2010', '38,329,781'), ('2005', '38,368,949'), ('2000', '38,556,693'), ('1995', '38,458,638'), ('1990', '37,960,193'), ('1985', '37,133,870'), ('1980', '35,539,720'), ('1975', '33,970,724'), ('1970', '32,639,258'), ('1965', '31,360,907'), ('1960', '29,614,201'), ('1955', '27,269,749'), ('1950', '24,824,018')]"
Namibia,51.60%,"2,540,905","[('2020', '2,540,905'), ('2019', '2,494,530'), ('2018', '2,448,301'), ('2017', '2,402,633'), ('2016', '2,358,044'), ('2015', '2,314,904'), ('2010', '2,118,874'), ('2005', '1,938,320'), ('2000', '1,794,571'), ('1995', '1,627,865'), ('1990', '1,432,905'), ('1985', '1,198,148'), ('1980', '1,057,727'), ('1975', '947,921'), ('1970', '817,469'), ('1965', '716,584'), ('1960', '634,142'), ('1955', '567,847'), ('1950', '514,384')]"
Netherlands,52.04%,"17,134,872","[('2020', '17,134,872'), ('2019', '17,097,130'), ('2018', '17,059,560'), ('2017', '17,021,347'), ('2016', '16,981,295'), ('2015', '16,938,499'), ('2010', '16,682,917'), ('2005', '16,367,158'), ('2000', '15,926,188'), ('1995', '15,467,851'), ('1990', '14,965,448'), ('1985', '14,513,949'), ('1980', '14,148,415'), ('1975', '13,683,291'), ('1970', '13,001,943'), ('1965', '12,248,344'), ('1960', '11,448,817'), ('1955', '10,709,630'), ('1950', '10,042,043')]"
Vanuatu,52.18%,"307,145","[('2020', '307,145'), ('2019', '299,882'), ('2018', '292,680'), ('2017', '285,510'), ('2016', '278,330'), ('2015', '271,130'), ('2010', '236,211'), ('2005', '209,282'), ('2000', '184,972'), ('1995', '168,158'), ('1990', '146,573'), ('1985', '129,984'), ('1980', '115,597'), ('1975', '99,859'), ('1970', '85,377'), ('1965', '74,270'), ('1960', '63,689'), ('1955', '54,921'), ('1950', '47,697')]"
China,55.36%,"1,439,323,776","[('2020', '1,439,323,776'), ('2019', '1,433,783,686'), ('2018', '1,427,647,786'), ('2017', '1,421,021,791'), ('2016', '1,414,049,351'), ('2015', '1,406,847,870'), ('2010', '1,368,810,615'), ('2005', '1,330,776,380'), ('2000', '1,290,550,765'), ('1995', '1,240,920,535'), ('1990', '1,176,883,674'), ('1985', '1,075,589,361'), ('1980', '1,000,089,235'), ('1975', '926,240,885'), ('1970', '827,601,394'), ('1965', '724,218,968'), ('1960', '660,408,056'), ('1955', '612,241,554'), ('1950', '554,419,273')]"
Kenya,55.50%,"53,771,296","[('2020', '53,771,296'), ('2019', '52,573,973'), ('2018', '51,392,565'), ('2017', '50,221,142'), ('2016', '49,051,534'), ('2015', '47,878,336'), ('2010', '42,030,676'), ('2005', '36,624,895'), ('2000', '31,964,557'), ('1995', '27,768,296'), ('1990', '23,724,579'), ('1985', '19,877,083'), ('1980', '16,417,197'), ('1975', '13,575,907'), ('1970', '11,301,394'), ('1965', '9,530,173'), ('1960', '8,120,080'), ('1955', '6,987,658'), ('1950', '6,076,758')]"
Seychelles,54.49%,"98,347","[('2020', '98,347'), ('2019', '97,739'), ('2018', '97,096'), ('2017', '96,418'), ('2016', '95,710'), ('2015', '94,978'), ('2010', '91,264'), ('2005', '88,648'), ('2000', '80,996'), ('1995', '76,649'), ('1990', '70,570'), ('1985', '69,775'), ('1980', '66,244'), ('1975', '59,585'), ('1970', '52,368'), ('1965', '46,782'), ('1960', '41,603'), ('1955', '38,955'), ('1950', '36,325')]"
Mexico,54.11%,"128,932,753","[('2020', '128,932,753'), ('2019', '127,575,529'), ('2018', '126,190,788'), ('2017', '124,777,324'), ('2016', '123,333,376'), ('2015', '121,858,258'), ('2010', '114,092,963'), ('2005', '106,005,203'), ('2000', '98,899,845'), ('1995', '91,663,285'), ('1990', '83,943,132'), ('1985', '75,983,485'), ('1980', '67,761,372'), ('1975', '59,607,953'), ('1970', '51,493,565'), ('1965', '44,123,853'), ('1960', '37,771,859'), ('1955', '32,350,596'), ('1950', '27,944,669')]"
Yemen,54.51%,"29,825,964","[('2020', '29,825,964'), ('2019', '29,161,922'), ('2018', '28,498,683'), ('2017', '27,834,819'), ('2016', '27,168,208'), ('2015', '26,497,889'), ('2010', '23,154,855'), ('2005', '20,107,409'), ('2000', '17,409,072'), ('1995', '14,913,315'), ('1990', '11,709,993'), ('1985', '9,572,175'), ('1980', '7,941,898'), ('1975', '6,784,695'), ('1970', '6,193,384'), ('1965', '5,727,751'), ('1960', '5,315,355'), ('1955', '4,965,574'), ('1950', '4,661,282')]"
Guinea Bissau,54.92%,"1,968,001","[('2020', '1,968,001'), ('2019', '1,920,922'), ('2018', '1,874,303'), ('2017', '1,828,145'), ('2016', '1,782,438'), ('2015', '1,737,202'), ('2010', '1,522,599'), ('2005', '1,344,930'), ('2000', '1,201,301'), ('1995', '1,088,854'), ('1990', '975,261'), ('1985', '872,163'), ('1980', '781,677'), ('1975', '765,989'), ('1970', '704,939'), ('1965', '649,790'), ('1960', '616,136'), ('1955', '576,136'), ('1950', '535,428')]"
Niger,55.60%,"24,206,644","[('2020', '24,206,644'), ('2019', '23,310,715'), ('2018', '22,442,822'), ('2017', '21,602,382'), ('2016', '20,788,798'), ('2015', '20,001,663'), ('2010', '16,464,025'), ('2005', '13,624,467'), ('2000', '11,331,557'), ('1995', '9,490,288'), ('1990', '8,026,591'), ('1985', '6,915,997'), ('1980', '5,989,004'), ('1975', '5,184,941'), ('1970', '4,510,644'), ('1965', '3,914,117'), ('1960', '3,388,764'), ('1955', '2,955,541'), ('1950', '2,559,703')]"
Germany,56.93%,"83,783,942","[('2020', '83,783,942'), ('2019', '83,517,045'), ('2018', '83,124,418'), ('2017', '82,658,409'), ('2016', '82,193,768'), ('2015', '81,787,411'), ('2010', '80,827,002'), ('2005', '81,602,741'), ('2000', '81,400,882'), ('1995', '81,138,659'), ('1990', '79,053,984'), ('1985', '77,691,595'), ('1980', '78,283,100'), ('1975', '78,856,039'), ('1970', '78,578,385'), ('1965', '76,258,032'), ('1960', '73,414,239'), ('1955', '71,537,459'), ('1950', '69,966,243')]"
Grenada,56.12%,"112,523","[('2020', '112,523'), ('2019', '112,003'), ('2018', '111,454'), ('2017', '110,874'), ('2016', '110,261'), ('2015', '109,599'), ('2010', '106,233'), ('2005', '104,661'), ('2000', '102,833'), ('1995', '100,288'), ('1990', '96,331'), ('1985', '99,946'), ('1980', '89,032'), ('1975', '92,494'), ('1970', '94,475'), ('1965', '94,636'), ('1960', '89,932'), ('1955', '81,103'), ('1950', '76,681')]"
Kyrgyzstan,56.09%,"6,524,195","[('2020', '6,524,195'), ('2019', '6,415,850'), ('2018', '6,304,030'), ('2017', '6,189,733'), ('2016', '6,074,330'), ('2015', '5,959,121'), ('2010', '5,422,293'), ('2005', '5,075,347'), ('2000', '4,920,712'), ('1995', '4,566,096'), ('1990', '4,372,885'), ('1985', '3,993,071'), ('1980', '3,610,970'), ('1975', '3,291,078'), ('1970', '2,969,851'), ('1965', '2,569,452'), ('1960', '2,170,094'), ('1955', '1,904,062'), ('1950', '1,740,004')]"
Costa Rica,56.15%,"5,094,118","[('2020', '5,094,118'), ('2019', '5,047,561'), ('2018', '4,999,441'), ('2017', '4,949,954'), ('2016', '4,899,345'), ('2015', '4,847,804'), ('2010', '4,577,378'), ('2005', '4,285,502'), ('2000', '3,962,372'), ('1995', '3,545,534'), ('1990', '3,119,433'), ('1985', '2,736,712'), ('1980', '2,389,977'), ('1975', '2,094,188'), ('1970', '1,847,394'), ('1965', '1,592,841'), ('1960', '1,330,782'), ('1955', '1,110,087'), ('1950', '945,696')]"
Bolivia,57.11%,"11,673,021","[('2020', '11,673,021'), ('2019', '11,513,100'), ('2018', '11,353,142'), ('2017', '11,192,855'), ('2016', '11,031,814'), ('2015', '10,869,730'), ('2010', '10,048,590'), ('2005', '9,232,306'), ('2000', '8,418,264'), ('1995', '7,622,338'), ('1990', '6,864,842'), ('1985', '6,179,460'), ('1980', '5,579,935'), ('1975', '5,001,419'), ('1970', '4,484,004'), ('1965', '4,038,872'), ('1960', '3,656,955'), ('1955', '3,331,036'), ('1950', '3,081,830')]"
Malaysia,56.32%,"32,365,999","[('2020', '32,365,999'), ('2019', '31,949,777'), ('2018', '31,528,033'), ('2017', '31,104,646'), ('2016', '30,684,654'), ('2015', '30,270,962'), ('2010', '28,208,035'), ('2005', '25,690,611'), ('2000', '23,194,257'), ('1995', '20,487,607'), ('1990', '18,029,824'), ('1985', '15,598,927'), ('1980', '13,798,085'), ('1975', '12,162,187'), ('1970', '10,804,131'), ('1965', '9,526,558'), ('1960', '8,156,347'), ('1955', '7,038,913'), ('1950', '6,109,915')]"
Vietnam,57.36%,"97,338,579","[('2020', '97,338,579'), ('2019', '96,462,106'), ('2018', '95,545,962'), ('2017', '94,600,648'), ('2016', '93,640,422'), ('2015', '92,677,076'), ('2010', '87,967,651'), ('2005', '83,832,661'), ('2000', '79,910,412'), ('1995', '74,910,461'), ('1990', '67,988,862'), ('1985', '60,896,721'), ('1980', '54,281,846'), ('1975', '48,718,189'), ('1970', '43,404,793'), ('1965', '37,858,951'), ('1960', '32,670,039'), ('1955', '28,147,443'), ('1950', '24,809,902')]"
Israel,58.96%,"8,655,535","[('2020', '8,655,535'), ('2019', '8,519,377'), ('2018', '8,381,516'), ('2017', '8,243,848'), ('2016', '8,108,985'), ('2015', '7,978,490'), ('2010', '7,346,446'), ('2005', '6,529,479'), ('2000', '5,945,950'), ('1995', '5,271,367'), ('1990', '4,448,353'), ('1985', '4,035,068'), ('1980', '3,700,919'), ('1975', '3,296,935'), ('1970', '2,813,749'), ('1965', '2,490,317'), ('1960', '2,060,480'), ('1955', '1,691,878'), ('1950', '1,257,971')]"
South Africa,57.81%,"59,308,690","[('2020', '59,308,690'), ('2019', '58,558,270'), ('2018', '57,792,518'), ('2017', '57,009,756'), ('2016', '56,207,646'), ('2015', '55,386,367'), ('2010', '51,216,964'), ('2005', '47,880,601'), ('2000', '44,967,708'), ('1995', '41,435,758'), ('1990', '36,800,509'), ('1985', '32,678,874'), ('1980', '28,556,769'), ('1975', '25,195,187'), ('1970', '22,069,776'), ('1965', '19,384,841'), ('1960', '17,099,840'), ('1955', '15,206,502'), ('1950', '13,628,428')]"
Malawi,59.01%,"19,129,952","[('2020', '19,129,952'), ('2019', '18,628,747'), ('2018', '18,143,217'), ('2017', '17,670,196'), ('2016', '17,205,261'), ('2015', '16,745,303'), ('2010', '14,539,612'), ('2005', '12,625,952'), ('2000', '11,148,758'), ('1995', '9,844,415'), ('1990', '9,404,500'), ('1985', '7,268,267'), ('1980', '6,250,440'), ('1975', '5,384,795'), ('1970', '4,703,782'), ('1965', '4,134,460'), ('1960', '3,659,984'), ('1955', '3,270,548'), ('1950', '2,953,871')]"
Puerto Rico,57.70%,"2,860,853","[('2020', '2,860,853'), ('2019', '2,933,408'), ('2018', '3,039,596'), ('2017', '3,163,667'), ('2016', '3,283,125'), ('2015', '3,381,518'), ('2010', '3,579,841'), ('2005', '3,631,889'), ('2000', '3,668,960'), ('1995', '3,567,696'), ('1990', '3,403,154'), ('1985', '3,263,179'), ('1980', '3,090,691'), ('1975', '2,844,927'), ('1970', '2,631,707'), ('1965', '2,507,537'), ('1960', '2,294,982'), ('1955', '2,195,516'), ('1950', '2,218,000')]"
Saint Kitts And Nevis,59.49%,"53,199","[('2020', '53,199'), ('2019', '52,823'), ('2018', '52,441'), ('2017', '52,045'), ('2016', '51,625'), ('2015', '51,203'), ('2010', '49,016'), ('2005', '46,857'), ('2000', '44,074'), ('1995', '42,074'), ('1990', '40,259'), ('1985', '41,866'), ('1980', '43,205'), ('1975', '44,272'), ('1970', '44,883'), ('1965', '49,214'), ('1960', '51,195'), ('1955', '48,492'), ('1950', '46,049')]"
Oman,61.29%,"5,106,626","[('2020', '5,106,626'), ('2019', '4,974,986'), ('2018', '4,829,473'), ('2017', '4,665,928'), ('2016', '4,479,219'), ('2015', '4,267,348'), ('2010', '3,041,434'), ('2005', '2,511,251'), ('2000', '2,267,973'), ('1995', '2,204,277'), ('1990', '1,812,161'), ('1985', '1,498,418'), ('1980', '1,154,377'), ('1975', '882,047'), ('1970', '723,851'), ('1965', '625,009'), ('1960', '551,740'), ('1955', '495,818'), ('1950', '456,419')]"
Maldives,61.43%,"540,544","[('2020', '540,544'), ('2019', '530,953'), ('2018', '515,696'), ('2017', '496,402'), ('2016', '475,512'), ('2015', '454,915'), ('2010', '365,734'), ('2005', '319,608'), ('2000', '279,398'), ('1995', '254,139'), ('1990', '223,158'), ('1985', '189,537'), ('1980', '158,272'), ('1975', '136,417'), ('1970', '115,691'), ('1965', '102,718'), ('1960', '89,863'), ('1955', '79,703'), ('1950', '73,712')]"
Bahamas,60.49%,"393,244","[('2020', '393,244'), ('2019', '389,482'), ('2018', '385,637'), ('2017', '381,755'), ('2016', '377,930'), ('2015', '374,206'), ('2010', '354,942'), ('2005', '324,859'), ('2000', '298,051'), ('1995', '280,184'), ('1990', '256,223'), ('1985', '234,578'), ('1980', '210,591'), ('1975', '188,896'), ('1970', '169,377'), ('1965', '140,059'), ('1960', '109,534'), ('1955', '88,631'), ('1950', '79,093')]"
Finland,59.88%,"5,540,720","[('2020', '5,540,720'), ('2019', '5,532,156'), ('2018', '5,522,576'), ('2017', '5,511,371'), ('2016', '5,497,713'), ('2015', '5,481,122'), ('2010', '5,365,782'), ('2005', '5,258,927'), ('2000', '5,187,954'), ('1995', '5,119,005'), ('1990', '4,996,222'), ('1985', '4,911,220'), ('1980', '4,788,243'), ('1975', '4,718,749'), ('1970', '4,612,366'), ('1965', '4,568,598'), ('1960', '4,434,590'), ('1955', '4,238,275'), ('1950', '4,008,294')]"
Senegal,62.00%,"16,743,927","[('2020', '16,743,927'), ('2019', '16,296,364'), ('2018', '15,854,323'), ('2017', '15,419,355'), ('2016', '14,993,519'), ('2015', '14,578,459'), ('2010', '12,678,148'), ('2005', '11,090,116'), ('2000', '9,797,734'), ('1995', '8,690,164'), ('1990', '7,526,307'), ('1985', '6,471,327'), ('1980', '5,583,165'), ('1975', '4,929,846'), ('1970', '4,257,505'), ('1965', '3,682,876'), ('1960', '3,206,749'), ('1955', '2,808,225'), ('1950', '2,486,635')]"
Ireland,62.42%,"4,937,786","[('2020', '4,937,786'), ('2019', '4,882,495'), ('2018', '4,818,690'), ('2017', '4,753,279'), ('2016', '4,695,779'), ('2015', '4,652,425'), ('2010', '4,554,321'), ('2005', '4,141,223'), ('2000', '3,783,103'), ('1995', '3,592,186'), ('1990', '3,510,885'), ('1985', '3,510,979'), ('1980', '3,384,756'), ('1975', '3,137,176'), ('1970', '2,908,421'), ('1965', '2,823,650'), ('1960', '2,791,397'), ('1955', '2,873,415'), ('1950', '2,912,680')]"
Guyana,57.22%,"786,552","[('2020', '786,552'), ('2019', '782,766'), ('2018', '779,006'), ('2017', '775,222'), ('2016', '771,368'), ('2015', '767,432'), ('2010', '749,436'), ('2005', '746,163'), ('2000', '746,715'), ('1995', '761,291'), ('1990', '743,309'), ('1985', '770,435'), ('1980', '780,153'), ('1975', '745,841'), ('1970', '704,934'), ('1965', '651,868'), ('1960', '571,819'), ('1955', '482,555'), ('1950', '406,559')]"
Ethiopia,57.43%,"114,963,588","[('2020', '114,963,588'), ('2019', '112,078,730'), ('2018', '109,224,414'), ('2017', '106,399,924'), ('2016', '103,603,462'), ('2015', '100,835,458'), ('2010', '87,639,964'), ('2005', '76,346,311'), ('2000', '66,224,804'), ('1995', '57,047,908'), ('1990', '47,887,865'), ('1985', '40,652,141'), ('1980', '35,141,712'), ('1975', '32,566,854'), ('1970', '28,415,077'), ('1965', '25,013,626'), ('1960', '22,151,278'), ('1955', '19,947,292'), ('1950', '18,128,034')]"
Gabon,58.48%,"2,225,734","[('2020', '2,225,734'), ('2019', '2,172,579'), ('2018', '2,119,275'), ('2017', '2,064,823'), ('2016', '2,007,873'), ('2015', '1,947,686'), ('2010', '1,624,140'), ('2005', '1,390,549'), ('2000', '1,228,360'), ('1995', '1,084,946'), ('1990', '949,488'), ('1985', '827,108'), ('1980', '726,328'), ('1975', '647,536'), ('1970', '589,314'), ('1965', '533,361'), ('1960', '500,928'), ('1955', '484,313'), ('1950', '473,298')]"
Nauru,60.39%,"10,824","[('2020', '10,824'), ('2019', '10,756'), ('2018', '10,670'), ('2017', '10,573'), ('2016', '10,475'), ('2015', '10,383'), ('2010', '10,005'), ('2005', '9,849'), ('2000', '10,337'), ('1995', '10,628'), ('1990', '9,505'), ('1985', '8,501'), ('1980', '7,741'), ('1975', '7,175'), ('1970', '6,552'), ('1965', '5,856'), ('1960', '4,375'), ('1955', '3,819'), ('1950', '3,424')]"
Albania,65.13%,"2,877,797","[('2020', '2,877,797'), ('2019', '2,880,917'), ('2018', '2,882,740'), ('2017', '2,884,169'), ('2016', '2,886,438'), ('2015', '2,890,513'), ('2010', '2,948,023'), ('2005', '3,086,810'), ('2000', '3,129,243'), ('1995', '3,112,936'), ('1990', '3,286,073'), ('1985', '2,969,672'), ('1980', '2,682,690'), ('1975', '2,411,732'), ('1970', '2,150,707'), ('1965', '1,896,171'), ('1960', '1,636,090'), ('1955', '1,419,994'), ('1950', '1,263,174')]"
Ghana,61.99%,"31,072,940","[('2020', '31,072,940'), ('2019', '30,417,856'), ('2018', '29,767,102'), ('2017', '29,121,465'), ('2016', '28,481,945'), ('2015', '27,849,205'), ('2010', '24,779,619'), ('2005', '21,814,642'), ('2000', '19,278,856'), ('1995', '17,014,057'), ('1990', '14,773,277'), ('1985', '12,783,613'), ('1980', '11,056,116'), ('1975', '9,985,946'), ('1970', '8,735,495'), ('1965', '7,739,473'), ('1960', '6,635,230'), ('1955', '5,730,594'), ('1950', '5,036,146')]"
Hungary,66.62%,"9,660,351","[('2020', '9,660,351'), ('2019', '9,684,679'), ('2018', '9,707,499'), ('2017', '9,729,823'), ('2016', '9,752,975'), ('2015', '9,777,923'), ('2010', '9,927,370'), ('2005', '10,085,937'), ('2000', '10,220,507'), ('1995', '10,349,302'), ('1990', '10,377,137'), ('1985', '10,566,323'), ('1980', '10,754,286'), ('1975', '10,526,780'), ('1970', '10,366,105'), ('1965', '10,169,799'), ('1960', '10,000,994'), ('1955', '9,828,494'), ('1950', '9,337,723')]"
Ukraine,62.03%,"43,733,762","[('2020', '43,733,762'), ('2019', '43,993,638'), ('2018', '44,246,156'), ('2017', '44,487,709'), ('2016', '44,713,702'), ('2015', '44,921,639'), ('2010', '45,792,090'), ('2005', '46,890,772'), ('2000', '48,838,065'), ('1995', '50,903,785'), ('1990', '51,463,105'), ('1985', '50,919,275'), ('1980', '49,965,874'), ('1975', '48,755,665'), ('1970', '47,088,857'), ('1965', '45,264,548'), ('1960', '42,664,652'), ('1955', '40,019,491'), ('1950', '37,297,648')]"
Djibouti,62.99%,"988,000","[('2020', '988,000'), ('2019', '973,560'), ('2018', '958,923'), ('2017', '944,099'), ('2016', '929,112'), ('2015', '913,993'), ('2010', '840,198'), ('2005', '783,254'), ('2000', '717,584'), ('1995', '630,388'), ('1990', '590,398'), ('1985', '425,613'), ('1980', '358,960'), ('1975', '224,183'), ('1970', '159,659'), ('1965', '114,963'), ('1960', '83,636'), ('1955', '69,589'), ('1950', '62,001')]"
Mauritius,67.50%,"1,271,768","[('2020', '1,271,768'), ('2019', '1,269,668'), ('2018', '1,267,185'), ('2017', '1,264,499'), ('2016', '1,261,865'), ('2015', '1,259,456'), ('2010', '1,247,955'), ('2005', '1,222,003'), ('2000', '1,185,145'), ('1995', '1,128,673'), ('1990', '1,055,868'), ('1985', '1,015,762'), ('1980', '966,031'), ('1975', '892,211'), ('1970', '826,441'), ('1965', '753,285'), ('1960', '660,023'), ('1955', '570,648'), ('1950', '493,255')]"
Burundi,63.54%,"11,890,784","[('2020', '11,890,784'), ('2019', '11,530,580'), ('2018', '11,175,374'), ('2017', '10,827,019'), ('2016', '10,487,995'), ('2015', '10,160,030'), ('2010', '8,675,602'), ('2005', '7,364,862'), ('2000', '6,378,871'), ('1995', '5,987,043'), ('1990', '5,438,957'), ('1985', '4,750,837'), ('1980', '4,157,298'), ('1975', '3,700,880'), ('1970', '3,479,074'), ('1965', '3,094,379'), ('1960', '2,797,932'), ('1955', '2,537,157'), ('1950', '2,308,920')]"
Laos,64.13%,"7,275,560","[('2020', '7,275,560'), ('2019', '7,169,455'), ('2018', '7,061,507'), ('2017', '6,953,035'), ('2016', '6,845,846'), ('2015', '6,741,164'), ('2010', '6,249,165'), ('2005', '5,751,676'), ('2000', '5,323,700'), ('1995', '4,846,483'), ('1990', '4,258,472'), ('1985', '3,687,898'), ('1980', '3,258,144'), ('1975', '3,051,577'), ('1970', '2,688,428'), ('1965', '2,382,594'), ('1960', '2,120,898'), ('1955', '1,890,854'), ('1950', '1,682,915')]"
Slovenia,65.44%,"2,078,938","[('2020', '2,078,938'), ('2019', '2,078,654'), ('2018', '2,077,837'), ('2017', '2,076,394'), ('2016', '2,074,210'), ('2015', '2,071,199'), ('2010', '2,043,337'), ('2005', '1,994,976'), ('2000', '1,987,717'), ('1995', '1,991,131'), ('1990', '2,006,405'), ('1985', '1,945,130'), ('1980', '1,835,831'), ('1975', '1,742,623'), ('1970', '1,669,581'), ('1965', '1,629,433'), ('1960', '1,586,637'), ('1955', '1,527,205'), ('1950', '1,473,093')]"
Morocco,65.11%,"36,910,560","[('2020', '36,910,560'), ('2019', '36,471,769'), ('2018', '36,029,093'), ('2017', '35,581,255'), ('2016', '35,126,283'), ('2015', '34,663,603'), ('2010', '32,343,389'), ('2005', '30,455,561'), ('2000', '28,793,679'), ('1995', '26,994,250'), ('1990', '24,807,462'), ('1985', '22,499,110'), ('1980', '19,990,012'), ('1975', '17,796,164'), ('1970', '16,004,731'), ('1965', '14,230,163'), ('1960', '12,328,532'), ('1955', '10,502,666'), ('1950', '8,985,989')]"
India,69.04%,"1,380,004,385","[('2020', '1,380,004,385'), ('2019', '1,366,417,754'), ('2018', '1,352,642,280'), ('2017', '1,338,676,785'), ('2016', '1,324,517,249'), ('2015', '1,310,152,403'), ('2010', '1,234,281,170'), ('2005', '1,147,609,927'), ('2000', '1,056,575,549'), ('1995', '963,922,588'), ('1990', '873,277,798'), ('1985', '784,360,008'), ('1980', '698,952,844'), ('1975', '623,102,897'), ('1970', '555,189,792'), ('1965', '499,123,324'), ('1960', '450,547,679'), ('1955', '409,880,595'), ('1950', '376,325,200')]"
El Salvador,68.10%,"6,486,205","[('2020', '6,486,205'), ('2019', '6,453,553'), ('2018', '6,420,746'), ('2017', '6,388,126'), ('2016', '6,356,143'), ('2015', '6,325,124'), ('2010', '6,183,875'), ('2005', '6,052,123'), ('2000', '5,887,936'), ('1995', '5,628,600'), ('1990', '5,270,079'), ('1985', '4,936,807'), ('1980', '4,591,134'), ('1975', '4,154,692'), ('1970', '3,673,068'), ('1965', '3,201,313'), ('1960', '2,766,324'), ('1955', '2,432,880'), ('1950', '2,199,898')]"
Togo,70.39%,"8,278,724","[('2020', '8,278,724'), ('2019', '8,082,366'), ('2018', '7,889,093'), ('2017', '7,698,474'), ('2016', '7,509,951'), ('2015', '7,323,158'), ('2010', '6,421,679'), ('2005', '5,611,640'), ('2000', '4,924,402'), ('1995', '4,226,291'), ('1990', '3,774,312'), ('1985', '3,252,994'), ('1980', '2,720,839'), ('1975', '2,410,446'), ('1970', '2,115,522'), ('1965', '1,708,630'), ('1960', '1,580,513'), ('1955', '1,473,839'), ('1950', '1,395,457')]"
Croatia,70.73%,"4,105,267","[('2020', '4,105,267'), ('2019', '4,130,304'), ('2018', '4,156,405'), ('2017', '4,182,857'), ('2016', '4,208,602'), ('2015', '4,232,874'), ('2010', '4,328,165'), ('2005', '4,378,058'), ('2000', '4,428,075'), ('1995', '4,616,766'), ('1990', '4,776,374'), ('1985', '4,716,117'), ('1980', '4,598,130'), ('1975', '4,500,867'), ('1970', '4,423,073'), ('1965', '4,328,923'), ('1960', '4,192,635'), ('1955', '4,030,415'), ('1950', '3,850,297')]"
Montenegro,70.58%,"628,066","[('2020', '628,066'), ('2019', '627,987'), ('2018', '627,809'), ('2017', '627,563'), ('2016', '627,264'), ('2015', '626,956'), ('2010', '624,275'), ('2005', '616,391'), ('2000', '613,559'), ('1995', '620,418'), ('1990', '615,002'), ('1985', '614,016'), ('1980', '580,754'), ('1975', '554,262'), ('1970', '519,696'), ('1965', '533,814'), ('1960', '487,413'), ('1955', '443,795'), ('1950', '394,739')]"
Austria,71.17%,"9,006,398","[('2020', '9,006,398'), ('2019', '8,955,102'), ('2018', '8,891,388'), ('2017', '8,819,901'), ('2016', '8,747,301'), ('2015', '8,678,660'), ('2010', '8,409,949'), ('2005', '8,253,650'), ('2000', '8,069,276'), ('1995', '7,990,121'), ('1990', '7,723,949'), ('1985', '7,614,868'), ('1980', '7,609,752'), ('1975', '7,637,689'), ('1970', '7,516,239'), ('1965', '7,305,158'), ('1960', '7,070,766'), ('1955', '6,953,406'), ('1950', '6,936,439')]"
Uruguay,71.34%,"3,473,730","[('2020', '3,473,730'), ('2019', '3,461,734'), ('2018', '3,449,285'), ('2017', '3,436,641'), ('2016', '3,424,129'), ('2015', '3,412,009'), ('2010', '3,359,275'), ('2005', '3,321,803'), ('2000', '3,319,736'), ('1995', '3,224,281'), ('1990', '3,109,601'), ('1985', '3,011,519'), ('1980', '2,915,389'), ('1975', '2,830,176'), ('1970', '2,809,793'), ('1965', '2,694,536'), ('1960', '2,538,643'), ('1955', '2,372,559'), ('1950', '2,238,507')]"
Saint Vincent And The Grenadines,71.38%,"110,940","[('2020', '110,940'), ('2019', '110,589'), ('2018', '110,211'), ('2017', '109,827'), ('2016', '109,459'), ('2015', '109,148'), ('2010', '108,255'), ('2005', '108,614'), ('2000', '107,784'), ('1995', '108,035'), ('1990', '107,484'), ('1985', '104,506'), ('1980', '100,566'), ('1975', '95,662'), ('1970', '90,509'), ('1965', '86,011'), ('1960', '80,977'), ('1955', '73,554'), ('1950', '66,998')]"
Saint Lucia,71.62%,"183,627","[('2020', '183,627'), ('2019', '182,790'), ('2018', '181,889'), ('2017', '180,954'), ('2016', '180,024'), ('2015', '179,126'), ('2010', '174,085'), ('2005', '163,417'), ('2000', '156,729'), ('1995', '146,870'), ('1990', '138,020'), ('1985', '126,244'), ('1980', '117,822'), ('1975', '109,627'), ('1970', '104,015'), ('1965', '96,134'), ('1960', '89,697'), ('1955', '86,477'), ('1950', '82,784')]"
Pakistan,77.00%,"220,892,340","[('2020', '220,892,340'), ('2019', '216,565,318'), ('2018', '212,228,286'), ('2017', '207,906,209'), ('2016', '203,631,353'), ('2015', '199,426,964'), ('2010', '179,424,641'), ('2005', '160,304,008'), ('2000', '142,343,578'), ('1995', '123,776,839'), ('1990', '107,647,921'), ('1985', '92,191,510'), ('1980', '78,054,343'), ('1975', '66,816,877'), ('1970', '58,142,060'), ('1965', '50,917,975'), ('1960', '44,988,690'), ('1955', '40,488,030'), ('1950', '37,542,376')]"
Dominica,79.84%,"71,986","[('2020', '71,986'), ('2019', '71,808'), ('2018', '71,625'), ('2017', '71,458'), ('2016', '71,307'), ('2015', '71,183'), ('2010', '70,878'), ('2005', '70,589'), ('2000', '69,650'), ('1995', '71,098'), ('1990', '70,419'), ('1985', '73,201'), ('1980', '75,314'), ('1975', '72,094'), ('1970', '71,073'), ('1965', '65,038'), ('1960', '60,011'), ('1955', '54,560'), ('1950', '51,100')]"
Suriname,72.05%,"586,632","[('2020', '586,632'), ('2019', '581,372'), ('2018', '575,990'), ('2017', '570,496'), ('2016', '564,888'), ('2015', '559,143'), ('2010', '529,131'), ('2005', '499,464'), ('2000', '470,949'), ('1995', '441,851'), ('1990', '405,168'), ('1985', '368,638'), ('1980', '359,519'), ('1975', '359,226'), ('1970', '367,931'), ('1965', '328,936'), ('1960', '287,871'), ('1955', '249,000'), ('1950', '215,002')]"
Sierra Leone,72.37%,"7,976,983","[('2020', '7,976,983'), ('2019', '7,813,215'), ('2018', '7,650,150'), ('2017', '7,488,423'), ('2016', '7,328,834'), ('2015', '7,171,914'), ('2010', '6,415,634'), ('2005', '5,645,624'), ('2000', '4,584,571'), ('1995', '4,303,957'), ('1990', '4,319,762'), ('1985', '3,805,311'), ('1980', '3,388,495'), ('1975', '3,037,154'), ('1970', '2,744,891'), ('1965', '2,508,219'), ('1960', '2,317,636'), ('1955', '2,165,815'), ('1950', '2,041,203')]"
Sao Tome And Principe,74.10%,"219,159","[('2020', '219,159'), ('2019', '215,056'), ('2018', '211,028'), ('2017', '207,089'), ('2016', '203,227'), ('2015', '199,432'), ('2010', '180,371'), ('2005', '157,472'), ('2000', '142,262'), ('1995', '131,678'), ('1990', '119,209'), ('1985', '104,924'), ('1980', '95,794'), ('1975', '83,138'), ('1970', '74,564'), ('1965', '64,892'), ('1960', '64,302'), ('1955', '58,806'), ('1950', '60,002')]"
Argentina,75.90%,"45,195,774","[('2020', '45,195,774'), ('2019', '44,780,677'), ('2018', '44,361,150'), ('2017', '43,937,140'), ('2016', '43,508,460'), ('2015', '43,075,416'), ('2010', '40,895,752'), ('2005', '38,892,931'), ('2000', '36,870,787'), ('1995', '34,828,170'), ('1990', '32,618,651'), ('1985', '30,216,279'), ('1980', '27,896,528'), ('1975', '25,865,776'), ('1970', '23,880,561'), ('1965', '22,159,650'), ('1960', '20,481,779'), ('1955', '18,789,418'), ('1950', '17,037,912')]"
San Marino,77.12%,"33,931","[('2020', '33,931'), ('2019', '33,860'), ('2018', '33,785'), ('2017', '33,671'), ('2016', '33,504'), ('2015', '33,272'), ('2010', '31,229'), ('2005', '29,324'), ('2000', '27,462'), ('1995', '25,928'), ('1990', '24,125'), ('1985', '22,798'), ('1980', '21,459'), ('1975', '19,831'), ('1970', '19,221'), ('1965', '17,513'), ('1960', '15,432'), ('1955', '13,789'), ('1950', '12,781')]"
Sri Lanka,82.99%,"21,413,249","[('2020', '21,413,249'), ('2019', '21,323,733'), ('2018', '21,228,763'), ('2017', '21,128,032'), ('2016', '21,021,171'), ('2015', '20,908,027'), ('2010', '20,261,737'), ('2005', '19,544,988'), ('2000', '18,777,601'), ('1995', '18,242,912'), ('1990', '17,325,773'), ('1985', '16,176,280'), ('1980', '15,035,834'), ('1975', '13,755,146'), ('1970', '12,485,740'), ('1965', '11,110,820'), ('1960', '9,874,476'), ('1955', '8,778,438'), ('1950', '7,971,098')]"
Gambia,78.67%,"2,416,668","[('2020', '2,416,668'), ('2019', '2,347,706'), ('2018', '2,280,094'), ('2017', '2,213,889'), ('2016', '2,149,136'), ('2015', '2,085,860'), ('2010', '1,793,196'), ('2005', '1,543,741'), ('2000', '1,317,703'), ('1995', '1,128,575'), ('1990', '955,593'), ('1985', '755,787'), ('1980', '637,246'), ('1975', '539,979'), ('1970', '464,410'), ('1965', '405,259'), ('1960', '365,047'), ('1955', '329,661'), ('1950', '304,889')]"
Zambia,80.50%,"18,383,955","[('2020', '18,383,955'), ('2019', '17,861,030'), ('2018', '17,351,708'), ('2017', '16,853,599'), ('2016', '16,363,458'), ('2015', '15,879,361'), ('2010', '13,605,984'), ('2005', '11,856,247'), ('2000', '10,415,944'), ('1995', '9,096,607'), ('1990', '8,036,845'), ('1985', '6,923,149'), ('1980', '5,851,825'), ('1975', '4,943,283'), ('1970', '4,179,067'), ('1965', '3,570,464'), ('1960', '3,070,776'), ('1955', '2,644,976'), ('1950', '2,310,442')]"
United Kingdom,85.67%,"67,886,011","[('2020', '67,886,011'), ('2019', '67,530,172'), ('2018', '67,141,684'), ('2017', '66,727,461'), ('2016', '66,297,944'), ('2015', '65,860,146'), ('2010', '63,459,808'), ('2005', '60,287,954'), ('2000', '58,923,309'), ('1995', '57,932,453'), ('1990', '57,134,391'), ('1985', '56,413,553'), ('1980', '56,209,171'), ('1975', '56,152,333'), ('1970', '55,573,453'), ('1965', '54,240,850'), ('1960', '52,370,602'), ('1955', '51,063,902'), ('1950', '50,616,014')]"
Mauritania,80.61%,"4,649,658","[('2020', '4,649,658'), ('2019', '4,525,696'), ('2018', '4,403,313'), ('2017', '4,282,570'), ('2016', '4,163,533'), ('2015', '4,046,301'), ('2010', '3,494,195'), ('2005', '3,024,194'), ('2000', '2,630,219'), ('1995', '2,313,630'), ('1990', '2,034,346'), ('1985', '1,780,030'), ('1980', '1,540,640'), ('1975', '1,330,598'), ('1970', '1,146,780'), ('1965', '985,910'), ('1960', '850,384'), ('1955', '738,299'), ('1950', '651,436')]"
Brazil,90.36%,"212,559,417","[('2020', '212,559,417'), ('2019', '211,049,527'), ('2018', '209,469,323'), ('2017', '207,833,823'), ('2016', '206,163,053'), ('2015', '204,471,769'), ('2010', '195,713,635'), ('2005', '186,127,103'), ('2000', '174,790,340'), ('1995', '162,019,896'), ('1990', '149,003,223'), ('1985', '135,274,080'), ('1980', '120,694,009'), ('1975', '107,216,205'), ('1970', '95,113,265'), ('1965', '83,373,530'), ('1960', '72,179,226'), ('1955', '62,533,919'), ('1950', '53,974,729')]"
Tunisia,81.55%,"11,818,619","[('2020', '11,818,619'), ('2019', '11,694,719'), ('2018', '11,565,201'), ('2017', '11,433,443'), ('2016', '11,303,945'), ('2015', '11,179,949'), ('2010', '10,635,244'), ('2005', '10,106,771'), ('2000', '9,708,350'), ('1995', '9,125,398'), ('1990', '8,242,496'), ('1985', '7,329,594'), ('1980', '6,374,039'), ('1975', '5,656,914'), ('1970', '5,063,809'), ('1965', '4,547,941'), ('1960', '4,178,236'), ('1955', '3,943,540'), ('1950', '3,605,306')]"
Belize,92.64%,"397,628","[('2020', '397,628'), ('2019', '390,353'), ('2018', '383,071'), ('2017', '375,769'), ('2016', '368,400'), ('2015', '360,933'), ('2010', '322,464'), ('2005', '283,800'), ('2000', '247,315'), ('1995', '206,963'), ('1990', '187,552'), ('1985', '164,921'), ('1980', '144,155'), ('1975', '133,260'), ('1970', '122,182'), ('1965', '106,119'), ('1960', '92,064'), ('1955', '79,870'), ('1950', '68,919')]"
Aruba,83.57%,"106,766","[('2020', '106,766'), ('2019', '106,314'), ('2018', '105,845'), ('2017', '105,366'), ('2016', '104,872'), ('2015', '104,341'), ('2010', '101,669'), ('2005', '100,031'), ('2000', '90,853'), ('1995', '80,324'), ('1990', '62,149'), ('1985', '63,026'), ('1980', '60,096'), ('1975', '60,657'), ('1970', '59,063'), ('1965', '57,360'), ('1960', '54,211'), ('1955', '43,724'), ('1950', '38,068')]"
Antigua And Barbuda,88.35%,"97,929","[('2020', '97,929'), ('2019', '97,118'), ('2018', '96,286'), ('2017', '95,426'), ('2016', '94,527'), ('2015', '93,566'), ('2010', '88,028'), ('2005', '81,465'), ('2000', '76,016'), ('1995', '68,670'), ('1990', '62,528'), ('1985', '61,786'), ('1980', '61,865'), ('1975', '62,675'), ('1970', '64,177'), ('1965', '58,698'), ('1960', '54,131'), ('1955', '49,648'), ('1950', '45,519')]"
Republic Of The Congo,90.19%,"5,518,087","[('2020', '5,518,087'), ('2019', '5,380,508'), ('2018', '5,244,359'), ('2017', '5,110,695'), ('2016', '4,980,996'), ('2015', '4,856,095'), ('2010', '4,273,731'), ('2005', '3,622,775'), ('2000', '3,127,411'), ('1995', '2,707,537'), ('1990', '2,356,737'), ('1985', '2,054,312'), ('1980', '1,777,934'), ('1975', '1,536,654'), ('1970', '1,326,885'), ('1965', '1,155,392'), ('1960', '1,018,253'), ('1955', '911,029'), ('1950', '827,252')]"
Angola,90.46%,"32,866,272","[('2020', '32,866,272'), ('2019', '31,825,295'), ('2018', '30,809,787'), ('2017', '29,816,766'), ('2016', '28,842,489'), ('2015', '27,884,381'), ('2010', '23,356,246'), ('2005', '19,433,602'), ('2000', '16,395,473'), ('1995', '13,945,206'), ('1990', '11,848,386'), ('1985', '9,961,997'), ('1980', '8,341,289'), ('1975', '7,024,000'), ('1970', '5,890,365'), ('1965', '5,770,570'), ('1960', '5,454,933'), ('1955', '5,043,247'), ('1950', '4,548,023')]"
France,99.20%,"65,273,511","[('2020', '65,273,511'), ('2019', '65,129,728'), ('2018', '64,990,511'), ('2017', '64,842,509'), ('2016', '64,667,596'), ('2015', '64,453,200'), ('2010', '62,879,530'), ('2005', '61,120,127'), ('2000', '59,015,096'), ('1995', '57,801,892'), ('1990', '56,666,849'), ('1985', '55,254,848'), ('1980', '53,868,009'), ('1975', '52,688,576'), ('1970', '50,763,920'), ('1965', '48,746,652'), ('1960', '45,673,146'), ('1955', '43,411,367'), ('1950', '41,833,882')]"
Bahrain,100.19%,"1,701,575","[('2020', '1,701,575'), ('2019', '1,641,172'), ('2018', '1,569,446'), ('2017', '1,494,076'), ('2016', '1,425,792'), ('2015', '1,371,851'), ('2010', '1,240,860'), ('2005', '889,164'), ('2000', '664,611'), ('1995', '563,697'), ('1990', '495,931'), ('1985', '419,428'), ('1980', '359,888'), ('1975', '266,543'), ('1970', '212,605'), ('1965', '187,431'), ('1960', '162,427'), ('1955', '133,585'), ('1950', '115,611')]"
Jordan,94.83%,"10,203,134","[('2020', '10,203,134'), ('2019', '10,101,694'), ('2018', '9,965,318'), ('2017', '9,785,843'), ('2016', '9,554,286'), ('2015', '9,266,575'), ('2010', '7,261,539'), ('2005', '5,765,635'), ('2000', '5,122,493'), ('1995', '4,588,843'), ('1990', '3,565,890'), ('1985', '2,900,049'), ('1980', '2,377,995'), ('1975', '2,065,913'), ('1970', '1,721,323'), ('1965', '1,173,606'), ('1960', '933,102'), ('1955', '682,968'), ('1950', '481,321')]"
Spain,95.96%,"46,754,778","[('2020', '46,754,778'), ('2019', '46,736,776'), ('2018', '46,692,858'), ('2017', '46,647,428'), ('2016', '46,634,140'), ('2015', '46,671,926'), ('2010', '46,931,015'), ('2005', '44,019,123'), ('2000', '40,824,754'), ('1995', '39,787,419'), ('1990', '39,202,525'), ('1985', '38,733,876'), ('1980', '37,698,196'), ('1975', '35,879,209'), ('1970', '33,883,749'), ('1965', '32,146,263'), ('1960', '30,402,411'), ('1955', '29,048,395'), ('1950', '28,069,735')]"
Belgium,99.57%,"11,589,623","[('2020', '11,589,623'), ('2019', '11,539,328'), ('2018', '11,482,178'), ('2017', '11,419,748'), ('2016', '11,354,420'), ('2015', '11,287,940'), ('2010', '10,938,739'), ('2005', '10,546,886'), ('2000', '10,282,033'), ('1995', '10,186,305'), ('1990', '10,006,544'), ('1985', '9,916,578'), ('1980', '9,868,995'), ('1975', '9,771,586'), ('1970', '9,632,180'), ('1965', '9,443,939'), ('1960', '9,167,365'), ('1955', '8,887,274'), ('1950', '8,637,519')]"
Cyprus,101.04%,"1,207,359","[('2020', '1,207,359'), ('2019', '1,198,575'), ('2018', '1,189,265'), ('2017', '1,179,678'), ('2016', '1,170,187'), ('2015', '1,160,985'), ('2010', '1,112,612'), ('2005', '1,027,662'), ('2000', '943,290'), ('1995', '855,383'), ('1990', '766,615'), ('1985', '703,685'), ('1980', '685,405'), ('1975', '649,751'), ('1970', '613,618'), ('1965', '580,966'), ('1960', '572,930'), ('1955', '529,972'), ('1950', '494,015')]"
Jamaica,94.13%,"2,961,167","[('2020', '2,961,167'), ('2019', '2,948,279'), ('2018', '2,934,847'), ('2017', '2,920,848'), ('2016', '2,906,236'), ('2015', '2,891,021'), ('2010', '2,810,460'), ('2005', '2,740,003'), ('2000', '2,654,701'), ('1995', '2,533,711'), ('1990', '2,419,906'), ('1985', '2,335,510'), ('1980', '2,162,846'), ('1975', '2,028,016'), ('1970', '1,875,642'), ('1965', '1,756,511'), ('1960', '1,628,520'), ('1955', '1,540,956'), ('1950', '1,402,899')]"
